737332 1 5780 7 1 2019 9 30 30 30 ["Rosh Hashanah"]
737333 2 5780 7 2 2019 10 1 31 31 ["Rosh Hashanah"]
737334 3 5780 7 3 2019 10 2 31 31 ["Tzom Gedaliah"]
737335 4 5780 7 4 2019 10 3 31 31 []
737336 5 5780 7 5 2019 10 4 31 31 []
737337 6 5780 7 6 2019 10 5 31 31 ["Sh. Shuvah", "Vayelech"]
737338 7 5780 7 7 2019 10 6 31 31 []
737339 8 5780 7 8 2019 10 7 31 31 []
737340 9 5780 7 9 2019 10 8 31 31 ["Erev Y.K."]
737341 10 5780 7 10 2019 10 9 31 31 ["Yom Kippur"]
737342 11 5780 7 11 2019 10 10 31 31 []
737343 12 5780 7 12 2019 10 11 31 31 []
737344 13 5780 7 13 2019 10 12 31 31 ["Haazinu"]
737345 14 5780 7 14 2019 10 13 31 31 ["Erev Sukkot"]
737346 15 5780 7 15 2019 10 14 31 31 ["Sukkot"]
737347 16 5780 7 16 2019 10 15 31 31 ["Sukkot"] ["Chol Hamoed"]
737348 17 5780 7 17 2019 10 16 31 31 ["Chol Hamoed"]
737349 18 5780 7 18 2019 10 17 31 31 ["Chol Hamoed"]
737350 19 5780 7 19 2019 10 18 31 31 ["Chol Hamoed"]
737351 20 5780 7 20 2019 10 19 31 31 ["Chol Hamoed"]
737352 21 5780 7 21 2019 10 20 31 31 ["Hoshana Rabbah"]
737353 22 5780 7 22 2019 10 21 31 31 ["Shemini Atzeret"]
737354 23 5780 7 23 2019 10 22 31 31 ["Simchat Torah"] []
737355 24 5780 7 24 2019 10 23 31 31 []
737356 25 5780 7 25 2019 10 24 31 31 []
737357 26 5780 7 26 2019 10 25 31 31 []
737358 27 5780 7 27 2019 10 26 31 31 ["Bereshit"]
737359 28 5780 7 28 2019 10 27 31 31 []
737360 29 5780 7 29 2019 10 28 31 31 []
737361 30 5780 7 30 2019 10 29 31 31 []
737362 31 5780 8 1 2019 10 30 31 31 []
737363 32 5780 8 2 2019 10 31 31 31 []
737364 33 5780 8 3 2019 11 1 30 30 []
737365 34 5780 8 4 2019 11 2 30 30 ["Noach"]
737366 35 5780 8 5 2019 11 3 30 30 []
737367 36 5780 8 6 2019 11 4 30 30 []
737368 37 5780 8 7 2019 11 5 30 30 []
737369 38 5780 8 8 2019 11 6 30 30 []
737370 39 5780 8 9 2019 11 7 30 30 []
737371 40 5780 8 10 2019 11 8 30 30 []
737372 41 5780 8 11 2019 11 9 30 30 ["Lech L\'cha"]
737373 42 5780 8 12 2019 11 10 30 30 []
737374 43 5780 8 13 2019 11 11 30 30 []
737375 44 5780 8 14 2019 11 12 30 30 []
737376 45 5780 8 15 2019 11 13 30 30 []
737377 46 5780 8 16 2019 11 14 30 30 []
737378 47 5780 8 17 2019 11 15 30 30 []
737379 48 5780 8 18 2019 11 16 30 30 ["Vayera"]
737380 49 5780 8 19 2019 11 17 30 30 []
737381 50 5780 8 20 2019 11 18 30 30 []
737382 51 5780 8 21 2019 11 19 30 30 []
737383 52 5780 8 22 2019 11 20 30 30 []
737384 53 5780 8 23 2019 11 21 30 30 []
737385 54 5780 8 24 2019 11 22 30 30 []
737386 55 5780 8 25 2019 11 23 30 30 ["Chaye Sarah"]
737387 56 5780 8 26 2019 11 24 30 30 []
737388 57 5780 8 27 2019 11 25 30 30 []
737389 58 5780 8 28 2019 11 26 30 30 []
737390 59 5780 8 29 2019 11 27 30 30 []
737391 60 5780 8 30 2019 11 28 30 30 []
737392 61 5780 9 1 2019 11 29 30 30 []
737393 62 5780 9 2 2019 11 30 30 30 ["Toldot"]
737394 63 5780 9 3 2019 12 1 31 31 []
737395 64 5780 9 4 2019 12 2 31 31 []
737396 65 5780 9 5 2019 12 3 31 31 []
737397 66 5780 9 6 2019 12 4 31 31 []
737398 67 5780 9 7 2019 12 5 31 31 []
737399 68 5780 9 8 2019 12 6 31 31 []
737400 69 5780 9 9 2019 12 7 31 31 ["Vayetze"]
737401 70 5780 9 10 2019 12 8 31 31 []
737402 71 5780 9 11 2019 12 9 31 31 []
737403 72 5780 9 12 2019 12 10 31 31 []
737404 73 5780 9 13 2019 12 11 31 31 []
737405 74 5780 9 14 2019 12 12 31 31 []
737406 75 5780 9 15 2019 12 13 31 31 []
737407 76 5780 9 16 2019 12 14 31 31 ["Vayishlach"]
737408 77 5780 9 17 2019 12 15 31 31 []
737409 78 5780 9 18 2019 12 16 31 31 []
737410 79 5780 9 19 2019 12 17 31 31 []
737411 80 5780 9 20 2019 12 18 31 31 []
737412 81 5780 9 21 2019 12 19 31 31 []
737413 82 5780 9 22 2019 12 20 31 31 []
737414 83 5780 9 23 2019 12 21 31 31 ["Vayeshev"]
737415 84 5780 9 24 2019 12 22 31 31 ["Erev Hanukkah"]
737416 85 5780 9 25 2019 12 23 31 31 ["Hanukkah"]
737417 86 5780 9 26 2019 12 24 31 31 ["Hanukkah"]
737418 87 5780 9 27 2019 12 25 31 31 ["Hanukkah"]
737419 88 5780 9 28 2019 12 26 31 31 ["Hanukkah"]
737420 89 5780 9 29 2019 12 27 31 31 ["Hanukkah"]
737421 90 5780 9 30 2019 12 28 31 31 ["Hanukkah", "Miketz"]
737422 91 5780 10 1 2019 12 29 31 31 ["Hanukkah"]
737423 92 5780 10 2 2019 12 30 31 31 ["Hanukkah"]
737424 93 5780 10 3 2019 12 31 31 31 []
737425 94 5780 10 4 2020 1 1 31 31 []
737426 95 5780 10 5 2020 1 2 31 31 []
737427 96 5780 10 6 2020 1 3 31 31 []
737428 97 5780 10 7 2020 1 4 31 31 ["Vayigash"]
737429 98 5780 10 8 2020 1 5 31 31 []
737430 99 5780 10 9 2020 1 6 31 31 []
737431 100 5780 10 10 2020 1 7 31 31 ["Tzom Tevet"]
737432 101 5780 10 11 2020 1 8 31 31 []
737433 102 5780 10 12 2020 1 9 31 31 []
737434 103 5780 10 13 2020 1 10 31 31 []
737435 104 5780 10 14 2020 1 11 31 31 ["Vayechi"]
737436 105 5780 10 15 2020 1 12 31 31 []
737437 106 5780 10 16 2020 1 13 31 31 []
737438 107 5780 10 17 2020 1 14 31 31 []
737439 108 5780 10 18 2020 1 15 31 31 []
737440 109 5780 10 19 2020 1 16 31 31 []
737441 110 5780 10 20 2020 1 17 31 31 []
737442 111 5780 10 21 2020 1 18 31 31 ["Shemot"]
737443 112 5780 10 22 2020 1 19 31 31 []
737444 113 5780 10 23 2020 1 20 31 31 []
737445 114 5780 10 24 2020 1 21 31 31 []
737446 115 5780 10 25 2020 1 22 31 31 []
737447 116 5780 10 26 2020 1 23 31 31 []
737448 117 5780 10 27 2020 1 24 31 31 []
737449 118 5780 10 28 2020 1 25 31 31 ["Vaera"]
737450 119 5780 10 29 2020 1 26 31 31 []
737451 120 5780 11 1 2020 1 27 31 31 []
737452 121 5780 11 2 2020 1 28 31 31 []
737453 122 5780 11 3 2020 1 29 31 31 []
737454 123 5780 11 4 2020 1 30 31 31 []
737455 124 5780 11 5 2020 1 31 31 31 []
737456 125 5780 11 6 2020 2 1 29 29 ["Bo"]
737457 126 5780 11 7 2020 2 2 29 29 []
737458 127 5780 11 8 2020 2 3 29 29 []
737459 128 5780 11 9 2020 2 4 29 29 []
737460 129 5780 11 10 2020 2 5 29 29 []
737461 130 5780 11 11 2020 2 6 29 29 []
737462 131 5780 11 12 2020 2 7 29 29 []
737463 132 5780 11 13 2020 2 8 29 29 ["Sh. Shirah", "Beshalach"]
737464 133 5780 11 14 2020 2 9 29 29 []
737465 134 5780 11 15 2020 2 10 29 29 ["Tu B\'Shevat"]
737466 135 5780 11 16 2020 2 11 29 29 []
737467 136 5780 11 17 2020 2 12 29 29 []
737468 137 5780 11 18 2020 2 13 29 29 []
737469 138 5780 11 19 2020 2 14 29 29 []
737470 139 5780 11 20 2020 2 15 29 29 ["Yitro"]
737471 140 5780 11 21 2020 2 16 29 29 []
737472 141 5780 11 22 2020 2 17 29 29 []
737473 142 5780 11 23 2020 2 18 29 29 []
737474 143 5780 11 24 2020 2 19 29 29 []
737475 144 5780 11 25 2020 2 20 29 29 []
737476 145 5780 11 26 2020 2 21 29 29 []
737477 146 5780 11 27 2020 2 22 29 29 ["Sh. Shekalim", "Mishpatim"]
737478 147 5780 11 28 2020 2 23 29 29 []
737479 148 5780 11 29 2020 2 24 29 29 []
737480 149 5780 11 30 2020 2 25 29 29 []
737481 150 5780 12 1 2020 2 26 29 29 []
737482 151 5780 12 2 2020 2 27 29 29 []
737483 152 5780 12 3 2020 2 28 29 29 []
737484 153 5780 12 4 2020 2 29 29 29 ["Terumah"]
737485 154 5780 12 5 2020 3 1 31 31 []
737486 155 5780 12 6 2020 3 2 31 31 []
737487 156 5780 12 7 2020 3 3 31 31 []
737488 157 5780 12 8 2020 3 4 31 31 []
737489 158 5780 12 9 2020 3 5 31 31 []
737490 159 5780 12 10 2020 3 6 31 31 []
737491 160 5780 12 11 2020 3 7 31 31 ["Sh. Zachor", "Tetzaveh"]
737492 161 5780 12 12 2020 3 8 31 31 []
737493 162 5780 12 13 2020 3 9 31 31 ["Ta\'anit Esther", "Erev Purim"]
737494 163 5780 12 14 2020 3 10 31 31 ["Purim"]
737495 164 5780 12 15 2020 3 11 31 31 ["Shushan Purim"]
737496 165 5780 12 16 2020 3 12 31 31 []
737497 166 5780 12 17 2020 3 13 31 31 []
737498 167 5780 12 18 2020 3 14 31 31 ["Sh. Parah", "Ki Tisa"]
737499 168 5780 12 19 2020 3 15 31 31 []
737500 169 5780 12 20 2020 3 16 31 31 []
737501 170 5780 12 21 2020 3 17 31 31 []
737502 171 5780 12 22 2020 3 18 31 31 []
737503 172 5780 12 23 2020 3 19 31 31 []
737504 173 5780 12 24 2020 3 20 31 31 []
737505 174 5780 12 25 2020 3 21 31 31 ["Sh. HaChodesh", "Vayakhel/Pekudei"]
737506 175 5780 12 26 2020 3 22 31 31 []
737507 176 5780 12 27 2020 3 23 31 31 []
737508 177 5780 12 28 2020 3 24 31 31 []
737509 178 5780 12 29 2020 3 25 31 31 []
737510 179 5780 1 1 2020 3 26 31 31 []
737511 180 5780 1 2 2020 3 27 31 31 []
737512 181 5780 1 3 2020 3 28 31 31 ["Vayikra"]
737513 182 5780 1 4 2020 3 29 31 31 []
737514 183 5780 1 5 2020 3 30 31 31 []
737515 184 5780 1 6 2020 3 31 31 31 []
737516 185 5780 1 7 2020 4 1 30 30 []
737517 186 5780 1 8 2020 4 2 30 30 []
737518 187 5780 1 9 2020 4 3 30 30 []
737519 188 5780 1 10 2020 4 4 30 30 ["Sh. HaGadol", "Tzav"]
737520 189 5780 1 11 2020 4 5 30 30 []
737521 190 5780 1 12 2020 4 6 30 30 []
737522 191 5780 1 13 2020 4 7 30 30 []
737523 192 5780 1 14 2020 4 8 30 30 ["Erev Pesach"]
737524 193 5780 1 15 2020 4 9 30 30 ["Pesach"]
737525 194 5780 1 16 2020 4 10 30 30 ["Pesach", "1st day Omer"] ["Chol Hamoed", "1st day Omer"]
737526 195 5780 1 17 2020 4 11 30 30 ["Chol Hamoed", "2nd day Omer"]
737527 196 5780 1 18 2020 4 12 30 30 ["Chol Hamoed", "3rd day Omer"]
737528 197 5780 1 19 2020 4 13 30 30 ["Chol Hamoed", "4th day Omer"]
737529 198 5780 1 20 2020 4 14 30 30 ["Chol Hamoed", "5th day Omer"]
737530 199 5780 1 21 2020 4 15 30 30 ["Pesach", "6th day Omer"]
737531 200 5780 1 22 2020 4 16 30 30 ["Pesach", "7th day Omer"] ["7th day Omer"]
737532 201 5780 1 23 2020 4 17 30 30 ["8th day Omer"]
737533 202 5780 1 24 2020 4 18 30 30 ["9th day Omer", "Shemini"]
737534 203 5780 1 25 2020 4 19 30 30 ["10th day Omer"]
737535 204 5780 1 26 2020 4 20 30 30 ["11th day Omer"]
737536 205 5780 1 27 2020 4 21 30 30 ["Yom HaShoah", "12th day Omer"]
737537 206 5780 1 28 2020 4 22 30 30 ["13th day Omer"]
737538 207 5780 1 29 2020 4 23 30 30 ["14th day Omer"]
737539 208 5780 1 30 2020 4 24 30 30 ["15th day Omer"]
737540 209 5780 2 1 2020 4 25 30 30 ["16th day Omer", "Tazria/Metzora"]
737541 210 5780 2 2 2020 4 26 30 30 ["17th day Omer"]
737542 211 5780 2 3 2020 4 27 30 30 ["18th day Omer"]
737543 212 5780 2 4 2020 4 28 30 30 ["Yom HaZikaron", "19th day Omer"]
737544 213 5780 2 5 2020 4 29 30 30 ["Yom HaAtzmaut", "20th day Omer"]
737545 214 5780 2 6 2020 4 30 30 30 ["21st day Omer"]
737546 215 5780 2 7 2020 5 1 31 31 ["22nd day Omer"]
737547 216 5780 2 8 2020 5 2 31 31 ["23rd day Omer", "Acharei Mot/Kedoshim"]
737548 217 5780 2 9 2020 5 3 31 31 ["24th day Omer"]
737549 218 5780 2 10 2020 5 4 31 31 ["25th day Omer"]
737550 219 5780 2 11 2020 5 5 31 31 ["26th day Omer"]
737551 220 5780 2 12 2020 5 6 31 31 ["27th day Omer"]
737552 221 5780 2 13 2020 5 7 31 31 ["28th day Omer"]
737553 222 5780 2 14 2020 5 8 31 31 ["29th day Omer"]
737554 223 5780 2 15 2020 5 9 31 31 ["30th day Omer", "Emor"]
737555 224 5780 2 16 2020 5 10 31 31 ["31st day Omer"]
737556 225 5780 2 17 2020 5 11 31 31 ["32nd day Omer"]
737557 226 5780 2 18 2020 5 12 31 31 ["Lag BaOmer"]
737558 227 5780 2 19 2020 5 13 31 31 ["34th day Omer"]
737559 228 5780 2 20 2020 5 14 31 31 ["35th day Omer"]
737560 229 5780 2 21 2020 5 15 31 31 ["36th day Omer"]
737561 230 5780 2 22 2020 5 16 31 31 ["37th day Omer", "Behar/Bechukotai"]
737562 231 5780 2 23 2020 5 17 31 31 ["38th day Omer"]
737563 232 5780 2 24 2020 5 18 31 31 ["39th day Omer"]
737564 233 5780 2 25 2020 5 19 31 31 ["40th day Omer"]
737565 234 5780 2 26 2020 5 20 31 31 ["41st day Omer"]
737566 235 5780 2 27 2020 5 21 31 31 ["42nd day Omer"]
737567 236 5780 2 28 2020 5 22 31 31 ["Yom Yerushalayim", "43rd day Omer"]
737568 237 5780 2 29 2020 5 23 31 31 ["44th day Omer", "Bemidbar"]
737569 238 5780 3 1 2020 5 24 31 31 ["45th day Omer"]
737570 239 5780 3 2 2020 5 25 31 31 ["46th day Omer"]
737571 240 5780 3 3 2020 5 26 31 31 ["47th day Omer"]
737572 241 5780 3 4 2020 5 27 31 31 ["48th day Omer"]
737573 242 5780 3 5 2020 5 28 31 31 ["Erev Shavuot", "49th day Omer"]
737574 243 5780 3 6 2020 5 29 31 31 ["Shavuot"]
737575 244 5780 3 7 2020 5 30 31 31 ["Shavuot"] ["Naso"]
737576 245 5780 3 8 2020 5 31 31 31 []
737577 246 5780 3 9 2020 6 1 30 30 []
737578 247 5780 3 10 2020 6 2 30 30 []
737579 248 5780 3 11 2020 6 3 30 30 []
737580 249 5780 3 12 2020 6 4 30 30 []
737581 250 5780 3 13 2020 6 5 30 30 []
737582 251 5780 3 14 2020 6 6 30 30 ["Naso"] ["Behaalotcha"]
737583 252 5780 3 15 2020 6 7 30 30 []
737584 253 5780 3 16 2020 6 8 30 30 []
737585 254 5780 3 17 2020 6 9 30 30 []
737586 255 5780 3 18 2020 6 10 30 30 []
737587 256 5780 3 19 2020 6 11 30 30 []
737588 257 5780 3 20 2020 6 12 30 30 []
737589 258 5780 3 21 2020 6 13 30 30 ["Behaalotcha"] ["Shelach"]
737590 259 5780 3 22 2020 6 14 30 30 []
737591 260 5780 3 23 2020 6 15 30 30 []
737592 261 5780 3 24 2020 6 16 30 30 []
737593 262 5780 3 25 2020 6 17 30 30 []
737594 263 5780 3 26 2020 6 18 30 30 []
737595 264 5780 3 27 2020 6 19 30 30 []
737596 265 5780 3 28 2020 6 20 30 30 ["Shelach"] ["Korach"]
737597 266 5780 3 29 2020 6 21 30 30 []
737598 267 5780 3 30 2020 6 22 30 30 []
737599 268 5780 4 1 2020 6 23 30 30 []
737600 269 5780 4 2 2020 6 24 30 30 []
737601 270 5780 4 3 2020 6 25 30 30 []
737602 271 5780 4 4 2020 6 26 30 30 []
737603 272 5780 4 5 2020 6 27 30 30 ["Korach"] ["Chukat"]
737604 273 5780 4 6 2020 6 28 30 30 []
737605 274 5780 4 7 2020 6 29 30 30 []
737606 275 5780 4 8 2020 6 30 30 30 []
737607 276 5780 4 9 2020 7 1 31 31 []
737608 277 5780 4 10 2020 7 2 31 31 []
737609 278 5780 4 11 2020 7 3 31 31 []
737610 279 5780 4 12 2020 7 4 31 31 ["Chukat/Balak"] ["Balak"]
737611 280 5780 4 13 2020 7 5 31 31 []
737612 281 5780 4 14 2020 7 6 31 31 []
737613 282 5780 4 15 2020 7 7 31 31 []
737614 283 5780 4 16 2020 7 8 31 31 []
737615 284 5780 4 17 2020 7 9 31 31 ["Tzom Tammuz"]
737616 285 5780 4 18 2020 7 10 31 31 []
737617 286 5780 4 19 2020 7 11 31 31 ["Pinchas"]
737618 287 5780 4 20 2020 7 12 31 31 []
737619 288 5780 4 21 2020 7 13 31 31 []
737620 289 5780 4 22 2020 7 14 31 31 []
737621 290 5780 4 23 2020 7 15 31 31 []
737622 291 5780 4 24 2020 7 16 31 31 []
737623 292 5780 4 25 2020 7 17 31 31 []
737624 293 5780 4 26 2020 7 18 31 31 ["Matot/Masei"]
737625 294 5780 4 27 2020 7 19 31 31 []
737626 295 5780 4 28 2020 7 20 31 31 []
737627 296 5780 4 29 2020 7 21 31 31 []
737628 297 5780 5 1 2020 7 22 31 31 []
737629 298 5780 5 2 2020 7 23 31 31 []
737630 299 5780 5 3 2020 7 24 31 31 []
737631 300 5780 5 4 2020 7 25 31 31 ["Sh. Chazon", "Devarim"]
737632 301 5780 5 5 2020 7 26 31 31 []
737633 302 5780 5 6 2020 7 27 31 31 []
737634 303 5780 5 7 2020 7 28 31 31 []
737635 304 5780 5 8 2020 7 29 31 31 []
737636 305 5780 5 9 2020 7 30 31 31 ["Tisha B\'Av"]
737637 306 5780 5 10 2020 7 31 31 31 []
737638 307 5780 5 11 2020 8 1 31 31 ["Sh. Nachamu", "Vaetchanan"]
737639 308 5780 5 12 2020 8 2 31 31 []
737640 309 5780 5 13 2020 8 3 31 31 []
737641 310 5780 5 14 2020 8 4 31 31 []
737642 311 5780 5 15 2020 8 5 31 31 []
737643 312 5780 5 16 2020 8 6 31 31 []
737644 313 5780 5 17 2020 8 7 31 31 []
737645 314 5780 5 18 2020 8 8 31 31 ["Ekev"]
737646 315 5780 5 19 2020 8 9 31 31 []
737647 316 5780 5 20 2020 8 10 31 31 []
737648 317 5780 5 21 2020 8 11 31 31 []
737649 318 5780 5 22 2020 8 12 31 31 []
737650 319 5780 5 23 2020 8 13 31 31 []
737651 320 5780 5 24 2020 8 14 31 31 []
737652 321 5780 5 25 2020 8 15 31 31 ["Reeh"]
737653 322 5780 5 26 2020 8 16 31 31 []
737654 323 5780 5 27 2020 8 17 31 31 []
737655 324 5780 5 28 2020 8 18 31 31 []
737656 325 5780 5 29 2020 8 19 31 31 []
737657 326 5780 5 30 2020 8 20 31 31 []
737658 327 5780 6 1 2020 8 21 31 31 []
737659 328 5780 6 2 2020 8 22 31 31 ["Shoftim"]
737660 329 5780 6 3 2020 8 23 31 31 []
737661 330 5780 6 4 2020 8 24 31 31 []
737662 331 5780 6 5 2020 8 25 31 31 []
737663 332 5780 6 6 2020 8 26 31 31 []
737664 333 5780 6 7 2020 8 27 31 31 []
737665 334 5780 6 8 2020 8 28 31 31 []
737666 335 5780 6 9 2020 8 29 31 31 ["Ki Tetze"]
737667 336 5780 6 10 2020 8 30 31 31 []
737668 337 5780 6 11 2020 8 31 31 31 []
737669 338 5780 6 12 2020 9 1 30 30 []
737670 339 5780 6 13 2020 9 2 30 30 []
737671 340 5780 6 14 2020 9 3 30 30 []
737672 341 5780 6 15 2020 9 4 30 30 []
737673 342 5780 6 16 2020 9 5 30 30 ["Ki Tavo"]
737674 343 5780 6 17 2020 9 6 30 30 []
737675 344 5780 6 18 2020 9 7 30 30 []
737676 345 5780 6 19 2020 9 8 30 30 []
737677 346 5780 6 20 2020 9 9 30 30 []
737678 347 5780 6 21 2020 9 10 30 30 []
737679 348 5780 6 22 2020 9 11 30 30 []
737680 349 5780 6 23 2020 9 12 30 30 ["Selichot (evening)", "Nitzavim/Vayelech"]
737681 350 5780 6 24 2020 9 13 30 30 []
737682 351 5780 6 25 2020 9 14 30 30 []
737683 352 5780 6 26 2020 9 15 30 30 []
737684 353 5780 6 27 2020 9 16 30 30 []
737685 354 5780 6 28 2020 9 17 30 30 []
737686 355 5780 6 29 2020 9 18 30 30 ["Erev R.H."]
737687 1 5781 7 1 2020 9 19 30 30 ["Rosh Hashanah"]
737688 2 5781 7 2 2020 9 20 30 30 ["Rosh Hashanah"]
737689 3 5781 7 3 2020 9 21 30 30 ["Tzom Gedaliah"]
737690 4 5781 7 4 2020 9 22 30 30 []
737691 5 5781 7 5 2020 9 23 30 30 []
737692 6 5781 7 6 2020 9 24 30 30 []
737693 7 5781 7 7 2020 9 25 30 30 []
737694 8 5781 7 8 2020 9 26 30 30 ["Sh. Shuvah", "Haazinu"]
737695 9 5781 7 9 2020 9 27 30 30 ["Erev Y.K."]
737696 10 5781 7 10 2020 9 28 30 30 ["Yom Kippur"]
737697 11 5781 7 11 2020 9 29 30 30 []
737698 12 5781 7 12 2020 9 30 30 30 []
737699 13 5781 7 13 2020 10 1 31 31 []
737700 14 5781 7 14 2020 10 2 31 31 ["Erev Sukkot"]
737701 15 5781 7 15 2020 10 3 31 31 ["Sukkot"]
737702 16 5781 7 16 2020 10 4 31 31 ["Sukkot"] ["Chol Hamoed"]
737703 17 5781 7 17 2020 10 5 31 31 ["Chol Hamoed"]
737704 18 5781 7 18 2020 10 6 31 31 ["Chol Hamoed"]
737705 19 5781 7 19 2020 10 7 31 31 ["Chol Hamoed"]
737706 20 5781 7 20 2020 10 8 31 31 ["Chol Hamoed"]
737707 21 5781 7 21 2020 10 9 31 31 ["Hoshana Rabbah"]
737708 22 5781 7 22 2020 10 10 31 31 ["Shemini Atzeret"]
737709 23 5781 7 23 2020 10 11 31 31 ["Simchat Torah"] []
737710 24 5781 7 24 2020 10 12 31 31 []
737711 25 5781 7 25 2020 10 13 31 31 []
737712 26 5781 7 26 2020 10 14 31 31 []
737713 27 5781 7 27 2020 10 15 31 31 []
737714 28 5781 7 28 2020 10 16 31 31 []
737715 29 5781 7 29 2020 10 17 31 31 ["Bereshit"]
737716 30 5781 7 30 2020 10 18 31 31 []
737717 31 5781 8 1 2020 10 19 31 31 []
737718 32 5781 8 2 2020 10 20 31 31 []
737719 33 5781 8 3 2020 10 21 31 31 []
737720 34 5781 8 4 2020 10 22 31 31 []
737721 35 5781 8 5 2020 10 23 31 31 []
737722 36 5781 8 6 2020 10 24 31 31 ["Noach"]
737723 37 5781 8 7 2020 10 25 31 31 []
737724 38 5781 8 8 2020 10 26 31 31 []
737725 39 5781 8 9 2020 10 27 31 31 []
737726 40 5781 8 10 2020 10 28 31 31 []
737727 41 5781 8 11 2020 10 29 31 31 []
737728 42 5781 8 12 2020 10 30 31 31 []
737729 43 5781 8 13 2020 10 31 31 31 ["Lech L\'cha"]
737730 44 5781 8 14 2020 11 1 30 30 []
737731 45 5781 8 15 2020 11 2 30 30 []
737732 46 5781 8 16 2020 11 3 30 30 []
737733 47 5781 8 17 2020 11 4 30 30 []
737734 48 5781 8 18 2020 11 5 30 30 []
737735 49 5781 8 19 2020 11 6 30 30 []
737736 50 5781 8 20 2020 11 7 30 30 ["Vayera"]
737737 51 5781 8 21 2020 11 8 30 30 []
737738 52 5781 8 22 2020 11 9 30 30 []
737739 53 5781 8 23 2020 11 10 30 30 []
737740 54 5781 8 24 2020 11 11 30 30 []
737741 55 5781 8 25 2020 11 12 30 30 []
737742 56 5781 8 26 2020 11 13 30 30 []
737743 57 5781 8 27 2020 11 14 30 30 ["Chaye Sarah"]
737744 58 5781 8 28 2020 11 15 30 30 []
737745 59 5781 8 29 2020 11 16 30 30 []
737746 60 5781 9 1 2020 11 17 30 30 []
737747 61 5781 9 2 2020 11 18 30 30 []
737748 62 5781 9 3 2020 11 19 30 30 []
737749 63 5781 9 4 2020 11 20 30 30 []
737750 64 5781 9 5 2020 11 21 30 30 ["Toldot"]
737751 65 5781 9 6 2020 11 22 30 30 []
737752 66 5781 9 7 2020 11 23 30 30 []
737753 67 5781 9 8 2020 11 24 30 30 []
737754 68 5781 9 9 2020 11 25 30 30 []
737755 69 5781 9 10 2020 11 26 30 30 []
737756 70 5781 9 11 2020 11 27 30 30 []
737757 71 5781 9 12 2020 11 28 30 30 ["Vayetze"]
737758 72 5781 9 13 2020 11 29 30 30 []
737759 73 5781 9 14 2020 11 30 30 30 []
737760 74 5781 9 15 2020 12 1 31 31 []
737761 75 5781 9 16 2020 12 2 31 31 []
737762 76 5781 9 17 2020 12 3 31 31 []
737763 77 5781 9 18 2020 12 4 31 31 []
737764 78 5781 9 19 2020 12 5 31 31 ["Vayishlach"]
737765 79 5781 9 20 2020 12 6 31 31 []
737766 80 5781 9 21 2020 12 7 31 31 []
737767 81 5781 9 22 2020 12 8 31 31 []
737768 82 5781 9 23 2020 12 9 31 31 []
737769 83 5781 9 24 2020 12 10 31 31 ["Erev Hanukkah"]
737770 84 5781 9 25 2020 12 11 31 31 ["Hanukkah"]
737771 85 5781 9 26 2020 12 12 31 31 ["Hanukkah", "Vayeshev"]
737772 86 5781 9 27 2020 12 13 31 31 ["Hanukkah"]
737773 87 5781 9 28 2020 12 14 31 31 ["Hanukkah"]
737774 88 5781 9 29 2020 12 15 31 31 ["Hanukkah"]
737775 89 5781 10 1 2020 12 16 31 31 ["Hanukkah"]
737776 90 5781 10 2 2020 12 17 31 31 ["Hanukkah"]
737777 91 5781 10 3 2020 12 18 31 31 ["Hanukkah"]
737778 92 5781 10 4 2020 12 19 31 31 ["Miketz"]
737779 93 5781 10 5 2020 12 20 31 31 []
737780 94 5781 10 6 2020 12 21 31 31 []
737781 95 5781 10 7 2020 12 22 31 31 []
737782 96 5781 10 8 2020 12 23 31 31 []
737783 97 5781 10 9 2020 12 24 31 31 []
737784 98 5781 10 10 2020 12 25 31 31 ["Tzom Tevet"]
737785 99 5781 10 11 2020 12 26 31 31 ["Vayigash"]
737786 100 5781 10 12 2020 12 27 31 31 []
737787 101 5781 10 13 2020 12 28 31 31 []
737788 102 5781 10 14 2020 12 29 31 31 []
737789 103 5781 10 15 2020 12 30 31 31 []
737790 104 5781 10 16 2020 12 31 31 31 []
737791 105 5781 10 17 2021 1 1 31 31 []
737792 106 5781 10 18 2021 1 2 31 31 ["Vayechi"]
737793 107 5781 10 19 2021 1 3 31 31 []
737794 108 5781 10 20 2021 1 4 31 31 []
737795 109 5781 10 21 2021 1 5 31 31 []
737796 110 5781 10 22 2021 1 6 31 31 []
737797 111 5781 10 23 2021 1 7 31 31 []
737798 112 5781 10 24 2021 1 8 31 31 []
737799 113 5781 10 25 2021 1 9 31 31 ["Shemot"]
737800 114 5781 10 26 2021 1 10 31 31 []
737801 115 5781 10 27 2021 1 11 31 31 []
737802 116 5781 10 28 2021 1 12 31 31 []
737803 117 5781 10 29 2021 1 13 31 31 []
737804 118 5781 11 1 2021 1 14 31 31 []
737805 119 5781 11 2 2021 1 15 31 31 []
737806 120 5781 11 3 2021 1 16 31 31 ["Vaera"]
737807 121 5781 11 4 2021 1 17 31 31 []
737808 122 5781 11 5 2021 1 18 31 31 []
737809 123 5781 11 6 2021 1 19 31 31 []
737810 124 5781 11 7 2021 1 20 31 31 []
737811 125 5781 11 8 2021 1 21 31 31 []
737812 126 5781 11 9 2021 1 22 31 31 []
737813 127 5781 11 10 2021 1 23 31 31 ["Bo"]
737814 128 5781 11 11 2021 1 24 31 31 []
737815 129 5781 11 12 2021 1 25 31 31 []
737816 130 5781 11 13 2021 1 26 31 31 []
737817 131 5781 11 14 2021 1 27 31 31 []
737818 132 5781 11 15 2021 1 28 31 31 ["Tu B\'Shevat"]
737819 133 5781 11 16 2021 1 29 31 31 []
737820 134 5781 11 17 2021 1 30 31 31 ["Sh. Shirah", "Beshalach"]
737821 135 5781 11 18 2021 1 31 31 31 []
737822 136 5781 11 19 2021 2 1 28 28 []
737823 137 5781 11 20 2021 2 2 28 28 []
737824 138 5781 11 21 2021 2 3 28 28 []
737825 139 5781 11 22 2021 2 4 28 28 []
737826 140 5781 11 23 2021 2 5 28 28 []
737827 141 5781 11 24 2021 2 6 28 28 ["Yitro"]
737828 142 5781 11 25 2021 2 7 28 28 []
737829 143 5781 11 26 2021 2 8 28 28 []
737830 144 5781 11 27 2021 2 9 28 28 []
737831 145 5781 11 28 2021 2 10 28 28 []
737832 146 5781 11 29 2021 2 11 28 28 []
737833 147 5781 11 30 2021 2 12 28 28 []
737834 148 5781 12 1 2021 2 13 28 28 ["Sh. Shekalim", "Mishpatim"]
737835 149 5781 12 2 2021 2 14 28 28 []
737836 150 5781 12 3 2021 2 15 28 28 []
737837 151 5781 12 4 2021 2 16 28 28 []
737838 152 5781 12 5 2021 2 17 28 28 []
737839 153 5781 12 6 2021 2 18 28 28 []
737840 154 5781 12 7 2021 2 19 28 28 []
737841 155 5781 12 8 2021 2 20 28 28 ["Sh. Zachor", "Terumah"]
737842 156 5781 12 9 2021 2 21 28 28 []
737843 157 5781 12 10 2021 2 22 28 28 []
737844 158 5781 12 11 2021 2 23 28 28 []
737845 159 5781 12 12 2021 2 24 28 28 []
737846 160 5781 12 13 2021 2 25 28 28 ["Ta\'anit Esther", "Erev Purim"]
737847 161 5781 12 14 2021 2 26 28 28 ["Purim"]
737848 162 5781 12 15 2021 2 27 28 28 ["Tetzaveh"]
737849 163 5781 12 16 2021 2 28 28 28 ["Shushan Purim"]
737850 164 5781 12 17 2021 3 1 31 31 []
737851 165 5781 12 18 2021 3 2 31 31 []
737852 166 5781 12 19 2021 3 3 31 31 []
737853 167 5781 12 20 2021 3 4 31 31 []
737854 168 5781 12 21 2021 3 5 31 31 []
737855 169 5781 12 22 2021 3 6 31 31 ["Sh. Parah", "Ki Tisa"]
737856 170 5781 12 23 2021 3 7 31 31 []
737857 171 5781 12 24 2021 3 8 31 31 []
737858 172 5781 12 25 2021 3 9 31 31 []
737859 173 5781 12 26 2021 3 10 31 31 []
737860 174 5781 12 27 2021 3 11 31 31 []
737861 175 5781 12 28 2021 3 12 31 31 []
737862 176 5781 12 29 2021 3 13 31 31 ["Sh. HaChodesh", "Vayakhel/Pekudei"]
737863 177 5781 1 1 2021 3 14 31 31 []
737864 178 5781 1 2 2021 3 15 31 31 []
737865 179 5781 1 3 2021 3 16 31 31 []
737866 180 5781 1 4 2021 3 17 31 31 []
737867 181 5781 1 5 2021 3 18 31 31 []
737868 182 5781 1 6 2021 3 19 31 31 []
737869 183 5781 1 7 2021 3 20 31 31 ["Vayikra"]
737870 184 5781 1 8 2021 3 21 31 31 []
737871 185 5781 1 9 2021 3 22 31 31 []
737872 186 5781 1 10 2021 3 23 31 31 []
737873 187 5781 1 11 2021 3 24 31 31 []
737874 188 5781 1 12 2021 3 25 31 31 []
737875 189 5781 1 13 2021 3 26 31 31 []
737876 190 5781 1 14 2021 3 27 31 31 ["Erev Pesach", "Sh. HaGadol", "Tzav"]
737877 191 5781 1 15 2021 3 28 31 31 ["Pesach"]
737878 192 5781 1 16 2021 3 29 31 31 ["Pesach", "1st day Omer"] ["Chol Hamoed", "1st day Omer"]
737879 193 5781 1 17 2021 3 30 31 31 ["Chol Hamoed", "2nd day Omer"]
737880 194 5781 1 18 2021 3 31 31 31 ["Chol Hamoed", "3rd day Omer"]
737881 195 5781 1 19 2021 4 1 30 30 ["Chol Hamoed", "4th day Omer"]
737882 196 5781 1 20 2021 4 2 30 30 ["Chol Hamoed", "5th day Omer"]
737883 197 5781 1 21 2021 4 3 30 30 ["Pesach", "6th day Omer"]
737884 198 5781 1 22 2021 4 4 30 30 ["Pesach", "7th day Omer"] ["7th day Omer"]
737885 199 5781 1 23 2021 4 5 30 30 ["8th day Omer"]
737886 200 5781 1 24 2021 4 6 30 30 ["9th day Omer"]
737887 201 5781 1 25 2021 4 7 30 30 ["10th day Omer"]
737888 202 5781 1 26 2021 4 8 30 30 ["11th day Omer"]
737889 203 5781 1 27 2021 4 9 30 30 ["Yom HaShoah", "12th day Omer"]
737890 204 5781 1 28 2021 4 10 30 30 ["13th day Omer", "Shemini"]
737891 205 5781 1 29 2021 4 11 30 30 ["14th day Omer"]
737892 206 5781 1 30 2021 4 12 30 30 ["15th day Omer"]
737893 207 5781 2 1 2021 4 13 30 30 ["16th day Omer"]
737894 208 5781 2 2 2021 4 14 30 30 ["Yom HaZikaron", "17th day Omer"]
737895 209 5781 2 3 2021 4 15 30 30 ["Yom HaAtzmaut", "18th day Omer"]
737896 210 5781 2 4 2021 4 16 30 30 ["19th day Omer"]
737897 211 5781 2 5 2021 4 17 30 30 ["20th day Omer", "Tazria/Metzora"]
737898 212 5781 2 6 2021 4 18 30 30 ["21st day Omer"]
737899 213 5781 2 7 2021 4 19 30 30 ["22nd day Omer"]
737900 214 5781 2 8 2021 4 20 30 30 ["23rd day Omer"]
737901 215 5781 2 9 2021 4 21 30 30 ["24th day Omer"]
737902 216 5781 2 10 2021 4 22 30 30 ["25th day Omer"]
737903 217 5781 2 11 2021 4 23 30 30 ["26th day Omer"]
737904 218 5781 2 12 2021 4 24 30 30 ["27th day Omer", "Acharei Mot/Kedoshim"]
737905 219 5781 2 13 2021 4 25 30 30 ["28th day Omer"]
737906 220 5781 2 14 2021 4 26 30 30 ["29th day Omer"]
737907 221 5781 2 15 2021 4 27 30 30 ["30th day Omer"]
737908 222 5781 2 16 2021 4 28 30 30 ["31st day Omer"]
737909 223 5781 2 17 2021 4 29 30 30 ["32nd day Omer"]
737910 224 5781 2 18 2021 4 30 30 30 ["Lag BaOmer"]
737911 225 5781 2 19 2021 5 1 31 31 ["34th day Omer", "Emor"]
737912 226 5781 2 20 2021 5 2 31 31 ["35th day Omer"]
737913 227 5781 2 21 2021 5 3 31 31 ["36th day Omer"]
737914 228 5781 2 22 2021 5 4 31 31 ["37th day Omer"]
737915 229 5781 2 23 2021 5 5 31 31 ["38th day Omer"]
737916 230 5781 2 24 2021 5 6 31 31 ["39th day Omer"]
737917 231 5781 2 25 2021 5 7 31 31 ["40th day Omer"]
737918 232 5781 2 26 2021 5 8 31 31 ["41st day Omer", "Behar/Bechukotai"]
737919 233 5781 2 27 2021 5 9 31 31 ["42nd day Omer"]
737920 234 5781 2 28 2021 5 10 31 31 ["Yom Yerushalayim", "43rd day Omer"]
737921 235 5781 2 29 2021 5 11 31 31 ["44th day Omer"]
737922 236 5781 3 1 2021 5 12 31 31 ["45th day Omer"]
737923 237 5781 3 2 2021 5 13 31 31 ["46th day Omer"]
737924 238 5781 3 3 2021 5 14 31 31 ["47th day Omer"]
737925 239 5781 3 4 2021 5 15 31 31 ["48th day Omer", "Bemidbar"]
737926 240 5781 3 5 2021 5 16 31 31 ["Erev Shavuot", "49th day Omer"]
737927 241 5781 3 6 2021 5 17 31 31 ["Shavuot"]
737928 242 5781 3 7 2021 5 18 31 31 ["Shavuot"] []
737929 243 5781 3 8 2021 5 19 31 31 []
737930 244 5781 3 9 2021 5 20 31 31 []
737931 245 5781 3 10 2021 5 21 31 31 []
737932 246 5781 3 11 2021 5 22 31 31 ["Naso"]
737933 247 5781 3 12 2021 5 23 31 31 []
737934 248 5781 3 13 2021 5 24 31 31 []
737935 249 5781 3 14 2021 5 25 31 31 []
737936 250 5781 3 15 2021 5 26 31 31 []
737937 251 5781 3 16 2021 5 27 31 31 []
737938 252 5781 3 17 2021 5 28 31 31 []
737939 253 5781 3 18 2021 5 29 31 31 ["Behaalotcha"]
737940 254 5781 3 19 2021 5 30 31 31 []
737941 255 5781 3 20 2021 5 31 31 31 []
737942 256 5781 3 21 2021 6 1 30 30 []
737943 257 5781 3 22 2021 6 2 30 30 []
737944 258 5781 3 23 2021 6 3 30 30 []
737945 259 5781 3 24 2021 6 4 30 30 []
737946 260 5781 3 25 2021 6 5 30 30 ["Shelach"]
737947 261 5781 3 26 2021 6 6 30 30 []
737948 262 5781 3 27 2021 6 7 30 30 []
737949 263 5781 3 28 2021 6 8 30 30 []
737950 264 5781 3 29 2021 6 9 30 30 []
737951 265 5781 3 30 2021 6 10 30 30 []
737952 266 5781 4 1 2021 6 11 30 30 []
737953 267 5781 4 2 2021 6 12 30 30 ["Korach"]
737954 268 5781 4 3 2021 6 13 30 30 []
737955 269 5781 4 4 2021 6 14 30 30 []
737956 270 5781 4 5 2021 6 15 30 30 []
737957 271 5781 4 6 2021 6 16 30 30 []
737958 272 5781 4 7 2021 6 17 30 30 []
737959 273 5781 4 8 2021 6 18 30 30 []
737960 274 5781 4 9 2021 6 19 30 30 ["Chukat"]
737961 275 5781 4 10 2021 6 20 30 30 []
737962 276 5781 4 11 2021 6 21 30 30 []
737963 277 5781 4 12 2021 6 22 30 30 []
737964 278 5781 4 13 2021 6 23 30 30 []
737965 279 5781 4 14 2021 6 24 30 30 []
737966 280 5781 4 15 2021 6 25 30 30 []
737967 281 5781 4 16 2021 6 26 30 30 ["Balak"]
737968 282 5781 4 17 2021 6 27 30 30 ["Tzom Tammuz"]
737969 283 5781 4 18 2021 6 28 30 30 []
737970 284 5781 4 19 2021 6 29 30 30 []
737971 285 5781 4 20 2021 6 30 30 30 []
737972 286 5781 4 21 2021 7 1 31 31 []
737973 287 5781 4 22 2021 7 2 31 31 []
737974 288 5781 4 23 2021 7 3 31 31 ["Pinchas"]
737975 289 5781 4 24 2021 7 4 31 31 []
737976 290 5781 4 25 2021 7 5 31 31 []
737977 291 5781 4 26 2021 7 6 31 31 []
737978 292 5781 4 27 2021 7 7 31 31 []
737979 293 5781 4 28 2021 7 8 31 31 []
737980 294 5781 4 29 2021 7 9 31 31 []
737981 295 5781 5 1 2021 7 10 31 31 ["Matot/Masei"]
737982 296 5781 5 2 2021 7 11 31 31 []
737983 297 5781 5 3 2021 7 12 31 31 []
737984 298 5781 5 4 2021 7 13 31 31 []
737985 299 5781 5 5 2021 7 14 31 31 []
737986 300 5781 5 6 2021 7 15 31 31 []
737987 301 5781 5 7 2021 7 16 31 31 []
737988 302 5781 5 8 2021 7 17 31 31 ["Sh. Chazon", "Devarim"]
737989 303 5781 5 9 2021 7 18 31 31 ["Tisha B\'Av"]
737990 304 5781 5 10 2021 7 19 31 31 []
737991 305 5781 5 11 2021 7 20 31 31 []
737992 306 5781 5 12 2021 7 21 31 31 []
737993 307 5781 5 13 2021 7 22 31 31 []
737994 308 5781 5 14 2021 7 23 31 31 []
737995 309 5781 5 15 2021 7 24 31 31 ["Sh. Nachamu", "Vaetchanan"]
737996 310 5781 5 16 2021 7 25 31 31 []
737997 311 5781 5 17 2021 7 26 31 31 []
737998 312 5781 5 18 2021 7 27 31 31 []
737999 313 5781 5 19 2021 7 28 31 31 []
738000 314 5781 5 20 2021 7 29 31 31 []
738001 315 5781 5 21 2021 7 30 31 31 []
738002 316 5781 5 22 2021 7 31 31 31 ["Ekev"]
738003 317 5781 5 23 2021 8 1 31 31 []
738004 318 5781 5 24 2021 8 2 31 31 []
738005 319 5781 5 25 2021 8 3 31 31 []
738006 320 5781 5 26 2021 8 4 31 31 []
738007 321 5781 5 27 2021 8 5 31 31 []
738008 322 5781 5 28 2021 8 6 31 31 []
738009 323 5781 5 29 2021 8 7 31 31 ["Reeh"]
738010 324 5781 5 30 2021 8 8 31 31 []
738011 325 5781 6 1 2021 8 9 31 31 []
738012 326 5781 6 2 2021 8 10 31 31 []
738013 327 5781 6 3 2021 8 11 31 31 []
738014 328 5781 6 4 2021 8 12 31 31 []
738015 329 5781 6 5 2021 8 13 31 31 []
738016 330 5781 6 6 2021 8 14 31 31 ["Shoftim"]
738017 331 5781 6 7 2021 8 15 31 31 []
738018 332 5781 6 8 2021 8 16 31 31 []
738019 333 5781 6 9 2021 8 17 31 31 []
738020 334 5781 6 10 2021 8 18 31 31 []
738021 335 5781 6 11 2021 8 19 31 31 []
738022 336 5781 6 12 2021 8 20 31 31 []
738023 337 5781 6 13 2021 8 21 31 31 ["Ki Tetze"]
738024 338 5781 6 14 2021 8 22 31 31 []
738025 339 5781 6 15 2021 8 23 31 31 []
738026 340 5781 6 16 2021 8 24 31 31 []
738027 341 5781 6 17 2021 8 25 31 31 []
738028 342 5781 6 18 2021 8 26 31 31 []
738029 343 5781 6 19 2021 8 27 31 31 []
738030 344 5781 6 20 2021 8 28 31 31 ["Selichot (evening)", "Ki Tavo"]
738031 345 5781 6 21 2021 8 29 31 31 []
738032 346 5781 6 22 2021 8 30 31 31 []
738033 347 5781 6 23 2021 8 31 31 31 []
738034 348 5781 6 24 2021 9 1 30 30 []
738035 349 5781 6 25 2021 9 2 30 30 []
738036 350 5781 6 26 2021 9 3 30 30 []
738037 351 5781 6 27 2021 9 4 30 30 ["Nitzavim"]
738038 352 5781 6 28 2021 9 5 30 30 []
738039 353 5781 6 29 2021 9 6 30 30 ["Erev R.H."]
738040 1 5782 7 1 2021 9 7 30 30 ["Rosh Hashanah"]
738041 2 5782 7 2 2021 9 8 30 30 ["Rosh Hashanah"]
738042 3 5782 7 3 2021 9 9 30 30 ["Tzom Gedaliah"]
738043 4 5782 7 4 2021 9 10 30 30 []
738044 5 5782 7 5 2021 9 11 30 30 ["Sh. Shuvah", "Vayelech"]
738045 6 5782 7 6 2021 9 12 30 30 []
738046 7 5782 7 7 2021 9 13 30 30 []
738047 8 5782 7 8 2021 9 14 30 30 []
738048 9 5782 7 9 2021 9 15 30 30 ["Erev Y.K."]
738049 10 5782 7 10 2021 9 16 30 30 ["Yom Kippur"]
738050 11 5782 7 11 2021 9 17 30 30 []
738051 12 5782 7 12 2021 9 18 30 30 ["Haazinu"]
738052 13 5782 7 13 2021 9 19 30 30 []
738053 14 5782 7 14 2021 9 20 30 30 ["Erev Sukkot"]
738054 15 5782 7 15 2021 9 21 30 30 ["Sukkot"]
738055 16 5782 7 16 2021 9 22 30 30 ["Sukkot"] ["Chol Hamoed"]
738056 17 5782 7 17 2021 9 23 30 30 ["Chol Hamoed"]
738057 18 5782 7 18 2021 9 24 30 30 ["Chol Hamoed"]
738058 19 5782 7 19 2021 9 25 30 30 ["Chol Hamoed"]
738059 20 5782 7 20 2021 9 26 30 30 ["Chol Hamoed"]
738060 21 5782 7 21 2021 9 27 30 30 ["Hoshana Rabbah"]
738061 22 5782 7 22 2021 9 28 30 30 ["Shemini Atzeret"]
738062 23 5782 7 23 2021 9 29 30 30 ["Simchat Torah"] []
738063 24 5782 7 24 2021 9 30 30 30 []
738064 25 5782 7 25 2021 10 1 31 31 []
738065 26 5782 7 26 2021 10 2 31 31 ["Bereshit"]
738066 27 5782 7 27 2021 10 3 31 31 []
738067 28 5782 7 28 2021 10 4 31 31 []
738068 29 5782 7 29 2021 10 5 31 31 []
738069 30 5782 7 30 2021 10 6 31 31 []
738070 31 5782 8 1 2021 10 7 31 31 []
738071 32 5782 8 2 2021 10 8 31 31 []
738072 33 5782 8 3 2021 10 9 31 31 ["Noach"]
738073 34 5782 8 4 2021 10 10 31 31 []
738074 35 5782 8 5 2021 10 11 31 31 []
738075 36 5782 8 6 2021 10 12 31 31 []
738076 37 5782 8 7 2021 10 13 31 31 []
738077 38 5782 8 8 2021 10 14 31 31 []
738078 39 5782 8 9 2021 10 15 31 31 []
738079 40 5782 8 10 2021 10 16 31 31 ["Lech L\'cha"]
738080 41 5782 8 11 2021 10 17 31 31 []
738081 42 5782 8 12 2021 10 18 31 31 []
738082 43 5782 8 13 2021 10 19 31 31 []
738083 44 5782 8 14 2021 10 20 31 31 []
738084 45 5782 8 15 2021 10 21 31 31 []
738085 46 5782 8 16 2021 10 22 31 31 []
738086 47 5782 8 17 2021 10 23 31 31 ["Vayera"]
738087 48 5782 8 18 2021 10 24 31 31 []
738088 49 5782 8 19 2021 10 25 31 31 []
738089 50 5782 8 20 2021 10 26 31 31 []
738090 51 5782 8 21 2021 10 27 31 31 []
738091 52 5782 8 22 2021 10 28 31 31 []
738092 53 5782 8 23 2021 10 29 31 31 []
738093 54 5782 8 24 2021 10 30 31 31 ["Chaye Sarah"]
738094 55 5782 8 25 2021 10 31 31 31 []
738095 56 5782 8 26 2021 11 1 30 30 []
738096 57 5782 8 27 2021 11 2 30 30 []
738097 58 5782 8 28 2021 11 3 30 30 []
738098 59 5782 8 29 2021 11 4 30 30 []
738099 60 5782 9 1 2021 11 5 30 30 []
738100 61 5782 9 2 2021 11 6 30 30 ["Toldot"]
738101 62 5782 9 3 2021 11 7 30 30 []
738102 63 5782 9 4 2021 11 8 30 30 []
738103 64 5782 9 5 2021 11 9 30 30 []
738104 65 5782 9 6 2021 11 10 30 30 []
738105 66 5782 9 7 2021 11 11 30 30 []
738106 67 5782 9 8 2021 11 12 30 30 []
738107 68 5782 9 9 2021 11 13 30 30 ["Vayetze"]
738108 69 5782 9 10 2021 11 14 30 30 []
738109 70 5782 9 11 2021 11 15 30 30 []
738110 71 5782 9 12 2021 11 16 30 30 []
738111 72 5782 9 13 2021 11 17 30 30 []
738112 73 5782 9 14 2021 11 18 30 30 []
738113 74 5782 9 15 2021 11 19 30 30 []
738114 75 5782 9 16 2021 11 20 30 30 ["Vayishlach"]
738115 76 5782 9 17 2021 11 21 30 30 []
738116 77 5782 9 18 2021 11 22 30 30 []
738117 78 5782 9 19 2021 11 23 30 30 []
738118 79 5782 9 20 2021 11 24 30 30 []
738119 80 5782 9 21 2021 11 25 30 30 []
738120 81 5782 9 22 2021 11 26 30 30 []
738121 82 5782 9 23 2021 11 27 30 30 ["Vayeshev"]
738122 83 5782 9 24 2021 11 28 30 30 ["Erev Hanukkah"]
738123 84 5782 9 25 2021 11 29 30 30 ["Hanukkah"]
738124 85 5782 9 26 2021 11 30 30 30 ["Hanukkah"]
738125 86 5782 9 27 2021 12 1 31 31 ["Hanukkah"]
738126 87 5782 9 28 2021 12 2 31 31 ["Hanukkah"]
738127 88 5782 9 29 2021 12 3 31 31 ["Hanukkah"]
738128 89 5782 9 30 2021 12 4 31 31 ["Hanukkah", "Miketz"]
738129 90 5782 10 1 2021 12 5 31 31 ["Hanukkah"]
738130 91 5782 10 2 2021 12 6 31 31 ["Hanukkah"]
738131 92 5782 10 3 2021 12 7 31 31 []
738132 93 5782 10 4 2021 12 8 31 31 []
738133 94 5782 10 5 2021 12 9 31 31 []
738134 95 5782 10 6 2021 12 10 31 31 []
738135 96 5782 10 7 2021 12 11 31 31 ["Vayigash"]
738136 97 5782 10 8 2021 12 12 31 31 []
738137 98 5782 10 9 2021 12 13 31 31 []
738138 99 5782 10 10 2021 12 14 31 31 ["Tzom Tevet"]
738139 100 5782 10 11 2021 12 15 31 31 []
738140 101 5782 10 12 2021 12 16 31 31 []
738141 102 5782 10 13 2021 12 17 31 31 []
738142 103 5782 10 14 2021 12 18 31 31 ["Vayechi"]
738143 104 5782 10 15 2021 12 19 31 31 []
738144 105 5782 10 16 2021 12 20 31 31 []
738145 106 5782 10 17 2021 12 21 31 31 []
738146 107 5782 10 18 2021 12 22 31 31 []
738147 108 5782 10 19 2021 12 23 31 31 []
738148 109 5782 10 20 2021 12 24 31 31 []
738149 110 5782 10 21 2021 12 25 31 31 ["Shemot"]
738150 111 5782 10 22 2021 12 26 31 31 []
738151 112 5782 10 23 2021 12 27 31 31 []
738152 113 5782 10 24 2021 12 28 31 31 []
738153 114 5782 10 25 2021 12 29 31 31 []
738154 115 5782 10 26 2021 12 30 31 31 []
738155 116 5782 10 27 2021 12 31 31 31 []
738156 117 5782 10 28 2022 1 1 31 31 ["Vaera"]
738157 118 5782 10 29 2022 1 2 31 31 []
738158 119 5782 11 1 2022 1 3 31 31 []
738159 120 5782 11 2 2022 1 4 31 31 []
738160 121 5782 11 3 2022 1 5 31 31 []
738161 122 5782 11 4 2022 1 6 31 31 []
738162 123 5782 11 5 2022 1 7 31 31 []
738163 124 5782 11 6 2022 1 8 31 31 ["Bo"]
738164 125 5782 11 7 2022 1 9 31 31 []
738165 126 5782 11 8 2022 1 10 31 31 []
738166 127 5782 11 9 2022 1 11 31 31 []
738167 128 5782 11 10 2022 1 12 31 31 []
738168 129 5782 11 11 2022 1 13 31 31 []
738169 130 5782 11 12 2022 1 14 31 31 []
738170 131 5782 11 13 2022 1 15 31 31 ["Sh. Shirah", "Beshalach"]
738171 132 5782 11 14 2022 1 16 31 31 []
738172 133 5782 11 15 2022 1 17 31 31 ["Tu B\'Shevat"]
738173 134 5782 11 16 2022 1 18 31 31 []
738174 135 5782 11 17 2022 1 19 31 31 []
738175 136 5782 11 18 2022 1 20 31 31 []
738176 137 5782 11 19 2022 1 21 31 31 []
738177 138 5782 11 20 2022 1 22 31 31 ["Yitro"]
738178 139 5782 11 21 2022 1 23 31 31 []
738179 140 5782 11 22 2022 1 24 31 31 []
738180 141 5782 11 23 2022 1 25 31 31 []
738181 142 5782 11 24 2022 1 26 31 31 []
738182 143 5782 11 25 2022 1 27 31 31 []
738183 144 5782 11 26 2022 1 28 31 31 []
738184 145 5782 11 27 2022 1 29 31 31 ["Mishpatim"]
738185 146 5782 11 28 2022 1 30 31 31 []
738186 147 5782 11 29 2022 1 31 31 31 []
738187 148 5782 11 30 2022 2 1 28 28 []
738188 149 5782 12 1 2022 2 2 28 28 []
738189 150 5782 12 2 2022 2 3 28 28 []
738190 151 5782 12 3 2022 2 4 28 28 []
738191 152 5782 12 4 2022 2 5 28 28 ["Terumah"]
738192 153 5782 12 5 2022 2 6 28 28 []
738193 154 5782 12 6 2022 2 7 28 28 []
738194 155 5782 12 7 2022 2 8 28 28 []
738195 156 5782 12 8 2022 2 9 28 28 []
738196 157 5782 12 9 2022 2 10 28 28 []
738197 158 5782 12 10 2022 2 11 28 28 []
738198 159 5782 12 11 2022 2 12 28 28 ["Tetzaveh"]
738199 160 5782 12 12 2022 2 13 28 28 []
738200 161 5782 12 13 2022 2 14 28 28 []
738201 162 5782 12 14 2022 2 15 28 28 ["Purim Katan"]
738202 163 5782 12 15 2022 2 16 28 28 []
738203 164 5782 12 16 2022 2 17 28 28 []
738204 165 5782 12 17 2022 2 18 28 28 []
738205 166 5782 12 18 2022 2 19 28 28 ["Ki Tisa"]
738206 167 5782 12 19 2022 2 20 28 28 []
738207 168 5782 12 20 2022 2 21 28 28 []
738208 169 5782 12 21 2022 2 22 28 28 []
738209 170 5782 12 22 2022 2 23 28 28 []
738210 171 5782 12 23 2022 2 24 28 28 []
738211 172 5782 12 24 2022 2 25 28 28 []
738212 173 5782 12 25 2022 2 26 28 28 ["Sh. Shekalim", "Vayakhel"]
738213 174 5782 12 26 2022 2 27 28 28 []
738214 175 5782 12 27 2022 2 28 28 28 []
738215 176 5782 12 28 2022 3 1 31 31 []
738216 177 5782 12 29 2022 3 2 31 31 []
738217 178 5782 12 30 2022 3 3 31 31 []
738218 179 5782 13 1 2022 3 4 31 31 []
738219 180 5782 13 2 2022 3 5 31 31 ["Pekudei"]
738220 181 5782 13 3 2022 3 6 31 31 []
738221 182 5782 13 4 2022 3 7 31 31 []
738222 183 5782 13 5 2022 3 8 31 31 []
738223 184 5782 13 6 2022 3 9 31 31 []
738224 185 5782 13 7 2022 3 10 31 31 []
738225 186 5782 13 8 2022 3 11 31 31 []
738226 187 5782 13 9 2022 3 12 31 31 ["Sh. Zachor", "Vayikra"]
738227 188 5782 13 10 2022 3 13 31 31 []
738228 189 5782 13 11 2022 3 14 31 31 []
738229 190 5782 13 12 2022 3 15 31 31 []
738230 191 5782 13 13 2022 3 16 31 31 ["Ta\'anit Esther", "Erev Purim"]
738231 192 5782 13 14 2022 3 17 31 31 ["Purim"]
738232 193 5782 13 15 2022 3 18 31 31 ["Shushan Purim"]
738233 194 5782 13 16 2022 3 19 31 31 ["Tzav"]
738234 195 5782 13 17 2022 3 20 31 31 []
738235 196 5782 13 18 2022 3 21 31 31 []
738236 197 5782 13 19 2022 3 22 31 31 []
738237 198 5782 13 20 2022 3 23 31 31 []
738238 199 5782 13 21 2022 3 24 31 31 []
738239 200 5782 13 22 2022 3 25 31 31 []
738240 201 5782 13 23 2022 3 26 31 31 ["Sh. Parah", "Shemini"]
738241 202 5782 13 24 2022 3 27 31 31 []
738242 203 5782 13 25 2022 3 28 31 31 []
738243 204 5782 13 26 2022 3 29 31 31 []
738244 205 5782 13 27 2022 3 30 31 31 []
738245 206 5782 13 28 2022 3 31 31 31 []
738246 207 5782 13 29 2022 4 1 30 30 []
738247 208 5782 1 1 2022 4 2 30 30 ["Sh. HaChodesh", "Tazria"]
738248 209 5782 1 2 2022 4 3 30 30 []
738249 210 5782 1 3 2022 4 4 30 30 []
738250 211 5782 1 4 2022 4 5 30 30 []
738251 212 5782 1 5 2022 4 6 30 30 []
738252 213 5782 1 6 2022 4 7 30 30 []
738253 214 5782 1 7 2022 4 8 30 30 []
738254 215 5782 1 8 2022 4 9 30 30 ["Sh. HaGadol", "Metzora"]
738255 216 5782 1 9 2022 4 10 30 30 []
738256 217 5782 1 10 2022 4 11 30 30 []
738257 218 5782 1 11 2022 4 12 30 30 []
738258 219 5782 1 12 2022 4 13 30 30 []
738259 220 5782 1 13 2022 4 14 30 30 []
738260 221 5782 1 14 2022 4 15 30 30 ["Erev Pesach"]
738261 222 5782 1 15 2022 4 16 30 30 ["Pesach"]
738262 223 5782 1 16 2022 4 17 30 30 ["Pesach", "1st day Omer"] ["Chol Hamoed", "1st day Omer"]
738263 224 5782 1 17 2022 4 18 30 30 ["Chol Hamoed", "2nd day Omer"]
738264 225 5782 1 18 2022 4 19 30 30 ["Chol Hamoed", "3rd day Omer"]
738265 226 5782 1 19 2022 4 20 30 30 ["Chol Hamoed", "4th day Omer"]
738266 227 5782 1 20 2022 4 21 30 30 ["Chol Hamoed", "5th day Omer"]
738267 228 5782 1 21 2022 4 22 30 30 ["Pesach", "6th day Omer"]
738268 229 5782 1 22 2022 4 23 30 30 ["Pesach", "7th day Omer"] ["7th day Omer", "Acharei Mot"]
738269 230 5782 1 23 2022 4 24 30 30 ["8th day Omer"]
738270 231 5782 1 24 2022 4 25 30 30 ["9th day Omer"]
738271 232 5782 1 25 2022 4 26 30 30 ["10th day Omer"]
738272 233 5782 1 26 2022 4 27 30 30 ["11th day Omer"]
738273 234 5782 1 27 2022 4 28 30 30 ["Yom HaShoah", "12th day Omer"]
738274 235 5782 1 28 2022 4 29 30 30 ["13th day Omer"]
738275 236 5782 1 29 2022 4 30 30 30 ["14th day Omer", "Acharei Mot"] ["14th day Omer", "Kedoshim"]
738276 237 5782 1 30 2022 5 1 31 31 ["15th day Omer"]
738277 238 5782 2 1 2022 5 2 31 31 ["16th day Omer"]
738278 239 5782 2 2 2022 5 3 31 31 ["17th day Omer"]
738279 240 5782 2 3 2022 5 4 31 31 ["Yom HaZikaron", "18th day Omer"]
738280 241 5782 2 4 2022 5 5 31 31 ["Yom HaAtzmaut", "19th day Omer"]
738281 242 5782 2 5 2022 5 6 31 31 ["20th day Omer"]
738282 243 5782 2 6 2022 5 7 31 31 ["21st day Omer", "Kedoshim"] ["21st day Omer", "Emor"]
738283 244 5782 2 7 2022 5 8 31 31 ["22nd day Omer"]
738284 245 5782 2 8 2022 5 9 31 31 ["23rd day Omer"]
738285 246 5782 2 9 2022 5 10 31 31 ["24th day Omer"]
738286 247 5782 2 10 2022 5 11 31 31 ["25th day Omer"]
738287 248 5782 2 11 2022 5 12 31 31 ["26th day Omer"]
738288 249 5782 2 12 2022 5 13 31 31 ["27th day Omer"]
738289 250 5782 2 13 2022 5 14 31 31 ["28th day Omer", "Emor"] ["28th day Omer", "Behar"]
738290 251 5782 2 14 2022 5 15 31 31 ["29th day Omer"]
738291 252 5782 2 15 2022 5 16 31 31 ["30th day Omer"]
738292 253 5782 2 16 2022 5 17 31 31 ["31st day Omer"]
738293 254 5782 2 17 2022 5 18 31 31 ["32nd day Omer"]
738294 255 5782 2 18 2022 5 19 31 31 ["Lag BaOmer"]
738295 256 5782 2 19 2022 5 20 31 31 ["34th day Omer"]
738296 257 5782 2 20 2022 5 21 31 31 ["35th day Omer", "Behar"] ["35th day Omer", "Bechukotai"]
738297 258 5782 2 21 2022 5 22 31 31 ["36th day Omer"]
738298 259 5782 2 22 2022 5 23 31 31 ["37th day Omer"]
738299 260 5782 2 23 2022 5 24 31 31 ["38th day Omer"]
738300 261 5782 2 24 2022 5 25 31 31 ["39th day Omer"]
738301 262 5782 2 25 2022 5 26 31 31 ["40th day Omer"]
738302 263 5782 2 26 2022 5 27 31 31 ["41st day Omer"]
738303 264 5782 2 27 2022 5 28 31 31 ["42nd day Omer", "Bechukotai"] ["42nd day Omer", "Bemidbar"]
738304 265 5782 2 28 2022 5 29 31 31 ["Yom Yerushalayim", "43rd day Omer"]
738305 266 5782 2 29 2022 5 30 31 31 ["44th day Omer"]
738306 267 5782 3 1 2022 5 31 31 31 ["45th day Omer"]
738307 268 5782 3 2 2022 6 1 30 30 ["46th day Omer"]
738308 269 5782 3 3 2022 6 2 30 30 ["47th day Omer"]
738309 270 5782 3 4 2022 6 3 30 30 ["48th day Omer"]
738310 271 5782 3 5 2022 6 4 30 30 ["Erev Shavuot", "49th day Omer", "Bemidbar"] ["Erev Shavuot", "49th day Omer", "Naso"]
738311 272 5782 3 6 2022 6 5 30 30 ["Shavuot"]
738312 273 5782 3 7 2022 6 6 30 30 ["Shavuot"] []
738313 274 5782 3 8 2022 6 7 30 30 []
738314 275 5782 3 9 2022 6 8 30 30 []
738315 276 5782 3 10 2022 6 9 30 30 []
738316 277 5782 3 11 2022 6 10 30 30 []
738317 278 5782 3 12 2022 6 11 30 30 ["Naso"] ["Behaalotcha"]
738318 279 5782 3 13 2022 6 12 30 30 []
738319 280 5782 3 14 2022 6 13 30 30 []
738320 281 5782 3 15 2022 6 14 30 30 []
738321 282 5782 3 16 2022 6 15 30 30 []
738322 283 5782 3 17 2022 6 16 30 30 []
738323 284 5782 3 18 2022 6 17 30 30 []
738324 285 5782 3 19 2022 6 18 30 30 ["Behaalotcha"] ["Shelach"]
738325 286 5782 3 20 2022 6 19 30 30 []
738326 287 5782 3 21 2022 6 20 30 30 []
738327 288 5782 3 22 2022 6 21 30 30 []
738328 289 5782 3 23 2022 6 22 30 30 []
738329 290 5782 3 24 2022 6 23 30 30 []
738330 291 5782 3 25 2022 6 24 30 30 []
738331 292 5782 3 26 2022 6 25 30 30 ["Shelach"] ["Korach"]
738332 293 5782 3 27 2022 6 26 30 30 []
738333 294 5782 3 28 2022 6 27 30 30 []
738334 295 5782 3 29 2022 6 28 30 30 []
738335 296 5782 3 30 2022 6 29 30 30 []
738336 297 5782 4 1 2022 6 30 30 30 []
738337 298 5782 4 2 2022 7 1 31 31 []
738338 299 5782 4 3 2022 7 2 31 31 ["Korach"] ["Chukat"]
738339 300 5782 4 4 2022 7 3 31 31 []
738340 301 5782 4 5 2022 7 4 31 31 []
738341 302 5782 4 6 2022 7 5 31 31 []
738342 303 5782 4 7 2022 7 6 31 31 []
738343 304 5782 4 8 2022 7 7 31 31 []
738344 305 5782 4 9 2022 7 8 31 31 []
738345 306 5782 4 10 2022 7 9 31 31 ["Chukat"] ["Balak"]
738346 307 5782 4 11 2022 7 10 31 31 []
738347 308 5782 4 12 2022 7 11 31 31 []
738348 309 5782 4 13 2022 7 12 31 31 []
738349 310 5782 4 14 2022 7 13 31 31 []
738350 311 5782 4 15 2022 7 14 31 31 []
738351 312 5782 4 16 2022 7 15 31 31 []
738352 313 5782 4 17 2022 7 16 31 31 ["Balak"] ["Pinchas"]
738353 314 5782 4 18 2022 7 17 31 31 ["Tzom Tammuz"]
738354 315 5782 4 19 2022 7 18 31 31 []
738355 316 5782 4 20 2022 7 19 31 31 []
738356 317 5782 4 21 2022 7 20 31 31 []
738357 318 5782 4 22 2022 7 21 31 31 []
738358 319 5782 4 23 2022 7 22 31 31 []
738359 320 5782 4 24 2022 7 23 31 31 ["Pinchas"] ["Matot"]
738360 321 5782 4 25 2022 7 24 31 31 []
738361 322 5782 4 26 2022 7 25 31 31 []
738362 323 5782 4 27 2022 7 26 31 31 []
738363 324 5782 4 28 2022 7 27 31 31 []
738364 325 5782 4 29 2022 7 28 31 31 []
738365 326 5782 5 1 2022 7 29 31 31 []
738366 327 5782 5 2 2022 7 30 31 31 ["Matot/Masei"] ["Masei"]
738367 328 5782 5 3 2022 7 31 31 31 []
738368 329 5782 5 4 2022 8 1 31 31 []
738369 330 5782 5 5 2022 8 2 31 31 []
738370 331 5782 5 6 2022 8 3 31 31 []
738371 332 5782 5 7 2022 8 4 31 31 []
738372 333 5782 5 8 2022 8 5 31 31 []
738373 334 5782 5 9 2022 8 6 31 31 ["Sh. Chazon", "Devarim"]
738374 335 5782 5 10 2022 8 7 31 31 ["Tisha B\'Av"]
738375 336 5782 5 11 2022 8 8 31 31 []
738376 337 5782 5 12 2022 8 9 31 31 []
738377 338 5782 5 13 2022 8 10 31 31 []
738378 339 5782 5 14 2022 8 11 31 31 []
738379 340 5782 5 15 2022 8 12 31 31 []
738380 341 5782 5 16 2022 8 13 31 31 ["Sh. Nachamu", "Vaetchanan"]
738381 342 5782 5 17 2022 8 14 31 31 []
738382 343 5782 5 18 2022 8 15 31 31 []
738383 344 5782 5 19 2022 8 16 31 31 []
738384 345 5782 5 20 2022 8 17 31 31 []
738385 346 5782 5 21 2022 8 18 31 31 []
738386 347 5782 5 22 2022 8 19 31 31 []
738387 348 5782 5 23 2022 8 20 31 31 ["Ekev"]
738388 349 5782 5 24 2022 8 21 31 31 []
738389 350 5782 5 25 2022 8 22 31 31 []
738390 351 5782 5 26 2022 8 23 31 31 []
738391 352 5782 5 27 2022 8 24 31 31 []
738392 353 5782 5 28 2022 8 25 31 31 []
738393 354 5782 5 29 2022 8 26 31 31 []
738394 355 5782 5 30 2022 8 27 31 31 ["Reeh"]
738395 356 5782 6 1 2022 8 28 31 31 []
738396 357 5782 6 2 2022 8 29 31 31 []
738397 358 5782 6 3 2022 8 30 31 31 []
738398 359 5782 6 4 2022 8 31 31 31 []
738399 360 5782 6 5 2022 9 1 30 30 []
738400 361 5782 6 6 2022 9 2 30 30 []
738401 362 5782 6 7 2022 9 3 30 30 ["Shoftim"]
738402 363 5782 6 8 2022 9 4 30 30 []
738403 364 5782 6 9 2022 9 5 30 30 []
738404 365 5782 6 10 2022 9 6 30 30 []
738405 366 5782 6 11 2022 9 7 30 30 []
738406 367 5782 6 12 2022 9 8 30 30 []
738407 368 5782 6 13 2022 9 9 30 30 []
738408 369 5782 6 14 2022 9 10 30 30 ["Ki Tetze"]
738409 370 5782 6 15 2022 9 11 30 30 []
738410 371 5782 6 16 2022 9 12 30 30 []
738411 372 5782 6 17 2022 9 13 30 30 []
738412 373 5782 6 18 2022 9 14 30 30 []
738413 374 5782 6 19 2022 9 15 30 30 []
738414 375 5782 6 20 2022 9 16 30 30 []
738415 376 5782 6 21 2022 9 17 30 30 ["Selichot (evening)", "Ki Tavo"]
738416 377 5782 6 22 2022 9 18 30 30 []
738417 378 5782 6 23 2022 9 19 30 30 []
738418 379 5782 6 24 2022 9 20 30 30 []
738419 380 5782 6 25 2022 9 21 30 30 []
738420 381 5782 6 26 2022 9 22 30 30 []
738421 382 5782 6 27 2022 9 23 30 30 []
738422 383 5782 6 28 2022 9 24 30 30 ["Nitzavim"]
738423 384 5782 6 29 2022 9 25 30 30 ["Erev R.H."]
738779 1 5784 7 1 2023 9 16 30 30 ["Rosh Hashanah"]
738780 2 5784 7 2 2023 9 17 30 30 ["Rosh Hashanah"]
738781 3 5784 7 3 2023 9 18 30 30 ["Tzom Gedaliah"]
738782 4 5784 7 4 2023 9 19 30 30 []
738783 5 5784 7 5 2023 9 20 30 30 []
738784 6 5784 7 6 2023 9 21 30 30 []
738785 7 5784 7 7 2023 9 22 30 30 []
738786 8 5784 7 8 2023 9 23 30 30 ["Sh. Shuvah", "Haazinu"]
738787 9 5784 7 9 2023 9 24 30 30 ["Erev Y.K."]
738788 10 5784 7 10 2023 9 25 30 30 ["Yom Kippur"]
738789 11 5784 7 11 2023 9 26 30 30 []
738790 12 5784 7 12 2023 9 27 30 30 []
738791 13 5784 7 13 2023 9 28 30 30 []
738792 14 5784 7 14 2023 9 29 30 30 ["Erev Sukkot"]
738793 15 5784 7 15 2023 9 30 30 30 ["Sukkot"]
738794 16 5784 7 16 2023 10 1 31 31 ["Sukkot"] ["Chol Hamoed"]
738795 17 5784 7 17 2023 10 2 31 31 ["Chol Hamoed"]
738796 18 5784 7 18 2023 10 3 31 31 ["Chol Hamoed"]
738797 19 5784 7 19 2023 10 4 31 31 ["Chol Hamoed"]
738798 20 5784 7 20 2023 10 5 31 31 ["Chol Hamoed"]
738799 21 5784 7 21 2023 10 6 31 31 ["Hoshana Rabbah"]
738800 22 5784 7 22 2023 10 7 31 31 ["Shemini Atzeret"]
738801 23 5784 7 23 2023 10 8 31 31 ["Simchat Torah"] []
738802 24 5784 7 24 2023 10 9 31 31 []
738803 25 5784 7 25 2023 10 10 31 31 []
738804 26 5784 7 26 2023 10 11 31 31 []
738805 27 5784 7 27 2023 10 12 31 31 []
738806 28 5784 7 28 2023 10 13 31 31 []
738807 29 5784 7 29 2023 10 14 31 31 ["Bereshit"]
738808 30 5784 7 30 2023 10 15 31 31 []
738809 31 5784 8 1 2023 10 16 31 31 []
738810 32 5784 8 2 2023 10 17 31 31 []
738811 33 5784 8 3 2023 10 18 31 31 []
738812 34 5784 8 4 2023 10 19 31 31 []
738813 35 5784 8 5 2023 10 20 31 31 []
738814 36 5784 8 6 2023 10 21 31 31 ["Noach"]
738815 37 5784 8 7 2023 10 22 31 31 []
738816 38 5784 8 8 2023 10 23 31 31 []
738817 39 5784 8 9 2023 10 24 31 31 []
738818 40 5784 8 10 2023 10 25 31 31 []
738819 41 5784 8 11 2023 10 26 31 31 []
738820 42 5784 8 12 2023 10 27 31 31 []
738821 43 5784 8 13 2023 10 28 31 31 ["Lech L\'cha"]
738822 44 5784 8 14 2023 10 29 31 31 []
738823 45 5784 8 15 2023 10 30 31 31 []
738824 46 5784 8 16 2023 10 31 31 31 []
738825 47 5784 8 17 2023 11 1 30 30 []
738826 48 5784 8 18 2023 11 2 30 30 []
738827 49 5784 8 19 2023 11 3 30 30 []
738828 50 5784 8 20 2023 11 4 30 30 ["Vayera"]
738829 51 5784 8 21 2023 11 5 30 30 []
738830 52 5784 8 22 2023 11 6 30 30 []
738831 53 5784 8 23 2023 11 7 30 30 []
738832 54 5784 8 24 2023 11 8 30 30 []
738833 55 5784 8 25 2023 11 9 30 30 []
738834 56 5784 8 26 2023 11 10 30 30 []
738835 57 5784 8 27 2023 11 11 30 30 ["Chaye Sarah"]
738836 58 5784 8 28 2023 11 12 30 30 []
738837 59 5784 8 29 2023 11 13 30 30 []
738838 60 5784 9 1 2023 11 14 30 30 []
738839 61 5784 9 2 2023 11 15 30 30 []
738840 62 5784 9 3 2023 11 16 30 30 []
738841 63 5784 9 4 2023 11 17 30 30 []
738842 64 5784 9 5 2023 11 18 30 30 ["Toldot"]
738843 65 5784 9 6 2023 11 19 30 30 []
738844 66 5784 9 7 2023 11 20 30 30 []
738845 67 5784 9 8 2023 11 21 30 30 []
738846 68 5784 9 9 2023 11 22 30 30 []
738847 69 5784 9 10 2023 11 23 30 30 []
738848 70 5784 9 11 2023 11 24 30 30 []
738849 71 5784 9 12 2023 11 25 30 30 ["Vayetze"]
738850 72 5784 9 13 2023 11 26 30 30 []
738851 73 5784 9 14 2023 11 27 30 30 []
738852 74 5784 9 15 2023 11 28 30 30 []
738853 75 5784 9 16 2023 11 29 30 30 []
738854 76 5784 9 17 2023 11 30 30 30 []
738855 77 5784 9 18 2023 12 1 31 31 []
738856 78 5784 9 19 2023 12 2 31 31 ["Vayishlach"]
738857 79 5784 9 20 2023 12 3 31 31 []
738858 80 5784 9 21 2023 12 4 31 31 []
738859 81 5784 9 22 2023 12 5 31 31 []
738860 82 5784 9 23 2023 12 6 31 31 []
738861 83 5784 9 24 2023 12 7 31 31 ["Erev Hanukkah"]
738862 84 5784 9 25 2023 12 8 31 31 ["Hanukkah"]
738863 85 5784 9 26 2023 12 9 31 31 ["Hanukkah", "Vayeshev"]
738864 86 5784 9 27 2023 12 10 31 31 ["Hanukkah"]
738865 87 5784 9 28 2023 12 11 31 31 ["Hanukkah"]
738866 88 5784 9 29 2023 12 12 31 31 ["Hanukkah"]
738867 89 5784 10 1 2023 12 13 31 31 ["Hanukkah"]
738868 90 5784 10 2 2023 12 14 31 31 ["Hanukkah"]
738869 91 5784 10 3 2023 12 15 31 31 ["Hanukkah"]
738870 92 5784 10 4 2023 12 16 31 31 ["Miketz"]
738871 93 5784 10 5 2023 12 17 31 31 []
738872 94 5784 10 6 2023 12 18 31 31 []
738873 95 5784 10 7 2023 12 19 31 31 []
738874 96 5784 10 8 2023 12 20 31 31 []
738875 97 5784 10 9 2023 12 21 31 31 []
738876 98 5784 10 10 2023 12 22 31 31 ["Tzom Tevet"]
738877 99 5784 10 11 2023 12 23 31 31 ["Vayigash"]
738878 100 5784 10 12 2023 12 24 31 31 []
738879 101 5784 10 13 2023 12 25 31 31 []
738880 102 5784 10 14 2023 12 26 31 31 []
738881 103 5784 10 15 2023 12 27 31 31 []
738882 104 5784 10 16 2023 12 28 31 31 []
738883 105 5784 10 17 2023 12 29 31 31 []
738884 106 5784 10 18 2023 12 30 31 31 ["Vayechi"]
738885 107 5784 10 19 2023 12 31 31 31 []
738886 108 5784 10 20 2024 1 1 31 31 []
738887 109 5784 10 21 2024 1 2 31 31 []
738888 110 5784 10 22 2024 1 3 31 31 []
738889 111 5784 10 23 2024 1 4 31 31 []
738890 112 5784 10 24 2024 1 5 31 31 []
738891 113 5784 10 25 2024 1 6 31 31 ["Shemot"]
738892 114 5784 10 26 2024 1 7 31 31 []
738893 115 5784 10 27 2024 1 8 31 31 []
738894 116 5784 10 28 2024 1 9 31 31 []
738895 117 5784 10 29 2024 1 10 31 31 []
738896 118 5784 11 1 2024 1 11 31 31 []
738897 119 5784 11 2 2024 1 12 31 31 []
738898 120 5784 11 3 2024 1 13 31 31 ["Vaera"]
738899 121 5784 11 4 2024 1 14 31 31 []
738900 122 5784 11 5 2024 1 15 31 31 []
738901 123 5784 11 6 2024 1 16 31 31 []
738902 124 5784 11 7 2024 1 17 31 31 []
738903 125 5784 11 8 2024 1 18 31 31 []
738904 126 5784 11 9 2024 1 19 31 31 []
738905 127 5784 11 10 2024 1 20 31 31 ["Bo"]
738906 128 5784 11 11 2024 1 21 31 31 []
738907 129 5784 11 12 2024 1 22 31 31 []
738908 130 5784 11 13 2024 1 23 31 31 []
738909 131 5784 11 14 2024 1 24 31 31 []
738910 132 5784 11 15 2024 1 25 31 31 ["Tu B\'Shevat"]
738911 133 5784 11 16 2024 1 26 31 31 []
738912 134 5784 11 17 2024 1 27 31 31 ["Sh. Shirah", "Beshalach"]
738913 135 5784 11 18 2024 1 28 31 31 []
738914 136 5784 11 19 2024 1 29 31 31 []
738915 137 5784 11 20 2024 1 30 31 31 []
738916 138 5784 11 21 2024 1 31 31 31 []
738917 139 5784 11 22 2024 2 1 29 29 []
738918 140 5784 11 23 2024 2 2 29 29 []
738919 141 5784 11 24 2024 2 3 29 29 ["Yitro"]
738920 142 5784 11 25 2024 2 4 29 29 []
738921 143 5784 11 26 2024 2 5 29 29 []
738922 144 5784 11 27 2024 2 6 29 29 []
738923 145 5784 11 28 2024 2 7 29 29 []
738924 146 5784 11 29 2024 2 8 29 29 []
738925 147 5784 11 30 2024 2 9 29 29 []
738926 148 5784 12 1 2024 2 10 29 29 ["Mishpatim"]
738927 149 5784 12 2 2024 2 11 29 29 []
738928 150 5784 12 3 2024 2 12 29 29 []
738929 151 5784 12 4 2024 2 13 29 29 []
738930 152 5784 12 5 2024 2 14 29 29 []
738931 153 5784 12 6 2024 2 15 29 29 []
738932 154 5784 12 7 2024 2 16 29 29 []
738933 155 5784 12 8 2024 2 17 29 29 ["Terumah"]
738934 156 5784 12 9 2024 2 18 29 29 []
738935 157 5784 12 10 2024 2 19 29 29 []
738936 158 5784 12 11 2024 2 20 29 29 []
738937 159 5784 12 12 2024 2 21 29 29 []
738938 160 5784 12 13 2024 2 22 29 29 []
738939 161 5784 12 14 2024 2 23 29 29 ["Purim Katan"]
738940 162 5784 12 15 2024 2 24 29 29 ["Tetzaveh"]
738941 163 5784 12 16 2024 2 25 29 29 []
738942 164 5784 12 17 2024 2 26 29 29 []
738943 165 5784 12 18 2024 2 27 29 29 []
738944 166 5784 12 19 2024 2 28 29 29 []
738945 167 5784 12 20 2024 2 29 29 29 []
738946 168 5784 12 21 2024 3 1 31 31 []
738947 169 5784 12 22 2024 3 2 31 31 ["Ki Tisa"]
738948 170 5784 12 23 2024 3 3 31 31 []
738949 171 5784 12 24 2024 3 4 31 31 []
738950 172 5784 12 25 2024 3 5 31 31 []
738951 173 5784 12 26 2024 3 6 31 31 []
738952 174 5784 12 27 2024 3 7 31 31 []
738953 175 5784 12 28 2024 3 8 31 31 []
738954 176 5784 12 29 2024 3 9 31 31 ["Sh. Shekalim", "Vayakhel"]
738955 177 5784 12 30 2024 3 10 31 31 []
738956 178 5784 13 1 2024 3 11 31 31 []
738957 179 5784 13 2 2024 3 12 31 31 []
738958 180 5784 13 3 2024 3 13 31 31 []
738959 181 5784 13 4 2024 3 14 31 31 []
738960 182 5784 13 5 2024 3 15 31 31 []
738961 183 5784 13 6 2024 3 16 31 31 ["Pekudei"]
738962 184 5784 13 7 2024 3 17 31 31 []
738963 185 5784 13 8 2024 3 18 31 31 []
738964 186 5784 13 9 2024 3 19 31 31 []
738965 187 5784 13 10 2024 3 20 31 31 []
738966 188 5784 13 11 2024 3 21 31 31 ["Ta\'anit Esther"]
738967 189 5784 13 12 2024 3 22 31 31 []
738968 190 5784 13 13 2024 3 23 31 31 ["Sh. Zachor", "Erev Purim", "Vayikra"]
738969 191 5784 13 14 2024 3 24 31 31 ["Purim"]
738970 192 5784 13 15 2024 3 25 31 31 ["Shushan Purim"]
738971 193 5784 13 16 2024 3 26 31 31 []
738972 194 5784 13 17 2024 3 27 31 31 []
738973 195 5784 13 18 2024 3 28 31 31 []
738974 196 5784 13 19 2024 3 29 31 31 []
738975 197 5784 13 20 2024 3 30 31 31 ["Sh. Parah", "Tzav"]
738976 198 5784 13 21 2024 3 31 31 31 []
738977 199 5784 13 22 2024 4 1 30 30 []
738978 200 5784 13 23 2024 4 2 30 30 []
738979 201 5784 13 24 2024 4 3 30 30 []
738980 202 5784 13 25 2024 4 4 30 30 []
738981 203 5784 13 26 2024 4 5 30 30 []
738982 204 5784 13 27 2024 4 6 30 30 ["Sh. HaChodesh", "Shemini"]
738983 205 5784 13 28 2024 4 7 30 30 []
738984 206 5784 13 29 2024 4 8 30 30 []
738985 207 5784 1 1 2024 4 9 30 30 []
738986 208 5784 1 2 2024 4 10 30 30 []
738987 209 5784 1 3 2024 4 11 30 30 []
738988 210 5784 1 4 2024 4 12 30 30 []
738989 211 5784 1 5 2024 4 13 30 30 ["Tazria"]
738990 212 5784 1 6 2024 4 14 30 30 []
738991 213 5784 1 7 2024 4 15 30 30 []
738992 214 5784 1 8 2024 4 16 30 30 []
738993 215 5784 1 9 2024 4 17 30 30 []
738994 216 5784 1 10 2024 4 18 30 30 []
738995 217 5784 1 11 2024 4 19 30 30 []
738996 218 5784 1 12 2024 4 20 30 30 ["Sh. HaGadol", "Metzora"]
738997 219 5784 1 13 2024 4 21 30 30 []
738998 220 5784 1 14 2024 4 22 30 30 ["Erev Pesach"]
738999 221 5784 1 15 2024 4 23 30 30 ["Pesach"]
739000 222 5784 1 16 2024 4 24 30 30 ["Pesach", "1st day Omer"] ["Chol Hamoed", "1st day Omer"]
739001 223 5784 1 17 2024 4 25 30 30 ["Chol Hamoed", "2nd day Omer"]
739002 224 5784 1 18 2024 4 26 30 30 ["Chol Hamoed", "3rd day Omer"]
739003 225 5784 1 19 2024 4 27 30 30 ["Chol Hamoed", "4th day Omer"]
739004 226 5784 1 20 2024 4 28 30 30 ["Chol Hamoed", "5th day Omer"]
739005 227 5784 1 21 2024 4 29 30 30 ["Pesach", "6th day Omer"]
739006 228 5784 1 22 2024 4 30 30 30 ["Pesach", "7th day Omer"] ["7th day Omer"]
739007 229 5784 1 23 2024 5 1 31 31 ["8th day Omer"]
739008 230 5784 1 24 2024 5 2 31 31 ["9th day Omer"]
739009 231 5784 1 25 2024 5 3 31 31 ["10th day Omer"]
739010 232 5784 1 26 2024 5 4 31 31 ["11th day Omer", "Acharei Mot"]
739011 233 5784 1 27 2024 5 5 31 31 ["12th day Omer"]
739012 234 5784 1 28 2024 5 6 31 31 ["Yom HaShoah", "13th day Omer"]
739013 235 5784 1 29 2024 5 7 31 31 ["14th day Omer"]
739014 236 5784 1 30 2024 5 8 31 31 ["15th day Omer"]
739015 237 5784 2 1 2024 5 9 31 31 ["16th day Omer"]
739016 238 5784 2 2 2024 5 10 31 31 ["17th day Omer"]
739017 239 5784 2 3 2024 5 11 31 31 ["18th day Omer", "Kedoshim"]
739018 240 5784 2 4 2024 5 12 31 31 ["19th day Omer"]
739019 241 5784 2 5 2024 5 13 31 31 ["Yom HaZikaron", "20th day Omer"]
739020 242 5784 2 6 2024 5 14 31 31 ["Yom HaAtzmaut", "21st day Omer"]
739021 243 5784 2 7 2024 5 15 31 31 ["22nd day Omer"]
739022 244 5784 2 8 2024 5 16 31 31 ["23rd day Omer"]
739023 245 5784 2 9 2024 5 17 31 31 ["24th day Omer"]
739024 246 5784 2 10 2024 5 18 31 31 ["25th day Omer", "Emor"]
739025 247 5784 2 11 2024 5 19 31 31 ["26th day Omer"]
739026 248 5784 2 12 2024 5 20 31 31 ["27th day Omer"]
739027 249 5784 2 13 2024 5 21 31 31 ["28th day Omer"]
739028 250 5784 2 14 2024 5 22 31 31 ["29th day Omer"]
739029 251 5784 2 15 2024 5 23 31 31 ["30th day Omer"]
739030 252 5784 2 16 2024 5 24 31 31 ["31st day Omer"]
739031 253 5784 2 17 2024 5 25 31 31 ["32nd day Omer", "Behar"]
739032 254 5784 2 18 2024 5 26 31 31 ["Lag BaOmer"]
739033 255 5784 2 19 2024 5 27 31 31 ["34th day Omer"]
739034 256 5784 2 20 2024 5 28 31 31 ["35th day Omer"]
739035 257 5784 2 21 2024 5 29 31 31 ["36th day Omer"]
739036 258 5784 2 22 2024 5 30 31 31 ["37th day Omer"]
739037 259 5784 2 23 2024 5 31 31 31 ["38th day Omer"]
739038 260 5784 2 24 2024 6 1 30 30 ["39th day Omer", "Bechukotai"]
739039 261 5784 2 25 2024 6 2 30 30 ["40th day Omer"]
739040 262 5784 2 26 2024 6 3 30 30 ["41st day Omer"]
739041 263 5784 2 27 2024 6 4 30 30 ["42nd day Omer"]
739042 264 5784 2 28 2024 6 5 30 30 ["Yom Yerushalayim", "43rd day Omer"]
739043 265 5784 2 29 2024 6 6 30 30 ["44th day Omer"]
739044 266 5784 3 1 2024 6 7 30 30 ["45th day Omer"]
739045 267 5784 3 2 2024 6 8 30 30 ["46th day Omer", "Bemidbar"]
739046 268 5784 3 3 2024 6 9 30 30 ["47th day Omer"]
739047 269 5784 3 4 2024 6 10 30 30 ["48th day Omer"]
739048 270 5784 3 5 2024 6 11 30 30 ["Erev Shavuot", "49th day Omer"]
739049 271 5784 3 6 2024 6 12 30 30 ["Shavuot"]
739050 272 5784 3 7 2024 6 13 30 30 ["Shavuot"] []
739051 273 5784 3 8 2024 6 14 30 30 []
739052 274 5784 3 9 2024 6 15 30 30 ["Naso"]
739053 275 5784 3 10 2024 6 16 30 30 []
739054 276 5784 3 11 2024 6 17 30 30 []
739055 277 5784 3 12 2024 6 18 30 30 []
739056 278 5784 3 13 2024 6 19 30 30 []
739057 279 5784 3 14 2024 6 20 30 30 []
739058 280 5784 3 15 2024 6 21 30 30 []
739059 281 5784 3 16 2024 6 22 30 30 ["Behaalotcha"]
739060 282 5784 3 17 2024 6 23 30 30 []
739061 283 5784 3 18 2024 6 24 30 30 []
739062 284 5784 3 19 2024 6 25 30 30 []
739063 285 5784 3 20 2024 6 26 30 30 []
739064 286 5784 3 21 2024 6 27 30 30 []
739065 287 5784 3 22 2024 6 28 30 30 []
739066 288 5784 3 23 2024 6 29 30 30 ["Shelach"]
739067 289 5784 3 24 2024 6 30 30 30 []
739068 290 5784 3 25 2024 7 1 31 31 []
739069 291 5784 3 26 2024 7 2 31 31 []
739070 292 5784 3 27 2024 7 3 31 31 []
739071 293 5784 3 28 2024 7 4 31 31 []
739072 294 5784 3 29 2024 7 5 31 31 []
739073 295 5784 3 30 2024 7 6 31 31 ["Korach"]
739074 296 5784 4 1 2024 7 7 31 31 []
739075 297 5784 4 2 2024 7 8 31 31 []
739076 298 5784 4 3 2024 7 9 31 31 []
739077 299 5784 4 4 2024 7 10 31 31 []
739078 300 5784 4 5 2024 7 11 31 31 []
739079 301 5784 4 6 2024 7 12 31 31 []
739080 302 5784 4 7 2024 7 13 31 31 ["Chukat"]
739081 303 5784 4 8 2024 7 14 31 31 []
739082 304 5784 4 9 2024 7 15 31 31 []
739083 305 5784 4 10 2024 7 16 31 31 []
739084 306 5784 4 11 2024 7 17 31 31 []
739085 307 5784 4 12 2024 7 18 31 31 []
739086 308 5784 4 13 2024 7 19 31 31 []
739087 309 5784 4 14 2024 7 20 31 31 ["Balak"]
739088 310 5784 4 15 2024 7 21 31 31 []
739089 311 5784 4 16 2024 7 22 31 31 []
739090 312 5784 4 17 2024 7 23 31 31 ["Tzom Tammuz"]
739091 313 5784 4 18 2024 7 24 31 31 []
739092 314 5784 4 19 2024 7 25 31 31 []
739093 315 5784 4 20 2024 7 26 31 31 []
739094 316 5784 4 21 2024 7 27 31 31 ["Pinchas"]
739095 317 5784 4 22 2024 7 28 31 31 []
739096 318 5784 4 23 2024 7 29 31 31 []
739097 319 5784 4 24 2024 7 30 31 31 []
739098 320 5784 4 25 2024 7 31 31 31 []
739099 321 5784 4 26 2024 8 1 31 31 []
739100 322 5784 4 27 2024 8 2 31 31 []
739101 323 5784 4 28 2024 8 3 31 31 ["Matot/Masei"]
739102 324 5784 4 29 2024 8 4 31 31 []
739103 325 5784 5 1 2024 8 5 31 31 []
739104 326 5784 5 2 2024 8 6 31 31 []
739105 327 5784 5 3 2024 8 7 31 31 []
739106 328 5784 5 4 2024 8 8 31 31 []
739107 329 5784 5 5 2024 8 9 31 31 []
739108 330 5784 5 6 2024 8 10 31 31 ["Sh. Chazon", "Devarim"]
739109 331 5784 5 7 2024 8 11 31 31 []
739110 332 5784 5 8 2024 8 12 31 31 []
739111 333 5784 5 9 2024 8 13 31 31 ["Tisha B\'Av"]
739112 334 5784 5 10 2024 8 14 31 31 []
739113 335 5784 5 11 2024 8 15 31 31 []
739114 336 5784 5 12 2024 8 16 31 31 []
739115 337 5784 5 13 2024 8 17 31 31 ["Sh. Nachamu", "Vaetchanan"]
739116 338 5784 5 14 2024 8 18 31 31 []
739117 339 5784 5 15 2024 8 19 31 31 []
739118 340 5784 5 16 2024 8 20 31 31 []
739119 341 5784 5 17 2024 8 21 31 31 []
739120 342 5784 5 18 2024 8 22 31 31 []
739121 343 5784 5 19 2024 8 23 31 31 []
739122 344 5784 5 20 2024 8 24 31 31 ["Ekev"]
739123 345 5784 5 21 2024 8 25 31 31 []
739124 346 5784 5 22 2024 8 26 31 31 []
739125 347 5784 5 23 2024 8 27 31 31 []
739126 348 5784 5 24 2024 8 28 31 31 []
739127 349 5784 5 25 2024 8 29 31 31 []
739128 350 5784 5 26 2024 8 30 31 31 []
739129 351 5784 5 27 2024 8 31 31 31 ["Reeh"]
739130 352 5784 5 28 2024 9 1 30 30 []
739131 353 5784 5 29 2024 9 2 30 30 []
739132 354 5784 5 30 2024 9 3 30 30 []
739133 355 5784 6 1 2024 9 4 30 30 []
739134 356 5784 6 2 2024 9 5 30 30 []
739135 357 5784 6 3 2024 9 6 30 30 []
739136 358 5784 6 4 2024 9 7 30 30 ["Shoftim"]
739137 359 5784 6 5 2024 9 8 30 30 []
739138 360 5784 6 6 2024 9 9 30 30 []
739139 361 5784 6 7 2024 9 10 30 30 []
739140 362 5784 6 8 2024 9 11 30 30 []
739141 363 5784 6 9 2024 9 12 30 30 []
739142 364 5784 6 10 2024 9 13 30 30 []
739143 365 5784 6 11 2024 9 14 30 30 ["Ki Tetze"]
739144 366 5784 6 12 2024 9 15 30 30 []
739145 367 5784 6 13 2024 9 16 30 30 []
739146 368 5784 6 14 2024 9 17 30 30 []
739147 369 5784 6 15 2024 9 18 30 30 []
739148 370 5784 6 16 2024 9 19 30 30 []
739149 371 5784 6 17 2024 9 20 30 30 []
739150 372 5784 6 18 2024 9 21 30 30 ["Ki Tavo"]
739151 373 5784 6 19 2024 9 22 30 30 []
739152 374 5784 6 20 2024 9 23 30 30 []
739153 375 5784 6 21 2024 9 24 30 30 []
739154 376 5784 6 22 2024 9 25 30 30 []
739155 377 5784 6 23 2024 9 26 30 30 []
739156 378 5784 6 24 2024 9 27 30 30 []
739157 379 5784 6 25 2024 9 28 30 30 ["Selichot (evening)", "Nitzavim/Vayelech"]
739158 380 5784 6 26 2024 9 29 30 30 []
739159 381 5784 6 27 2024 9 30 30 30 []
739160 382 5784 6 28 2024 10 1 31 31 []
739161 383 5784 6 29 2024 10 2 31 31 ["Erev R.H."]
739162 1 5785 7 1 2024 10 3 31 31 ["Rosh Hashanah"]
739163 2 5785 7 2 2024 10 4 31 31 ["Rosh Hashanah"]
739164 3 5785 7 3 2024 10 5 31 31 ["Sh. Shuvah", "Haazinu"]
739165 4 5785 7 4 2024 10 6 31 31 ["Tzom Gedaliah"]
739166 5 5785 7 5 2024 10 7 31 31 []
739167 6 5785 7 6 2024 10 8 31 31 []
739168 7 5785 7 7 2024 10 9 31 31 []
739169 8 5785 7 8 2024 10 10 31 31 []
739170 9 5785 7 9 2024 10 11 31 31 ["Erev Y.K."]
739171 10 5785 7 10 2024 10 12 31 31 ["Yom Kippur"]
739172 11 5785 7 11 2024 10 13 31 31 []
739173 12 5785 7 12 2024 10 14 31 31 []
739174 13 5785 7 13 2024 10 15 31 31 []
739175 14 5785 7 14 2024 10 16 31 31 ["Erev Sukkot"]
739176 15 5785 7 15 2024 10 17 31 31 ["Sukkot"]
739177 16 5785 7 16 2024 10 18 31 31 ["Sukkot"] ["Chol Hamoed"]
739178 17 5785 7 17 2024 10 19 31 31 ["Chol Hamoed"]
739179 18 5785 7 18 2024 10 20 31 31 ["Chol Hamoed"]
739180 19 5785 7 19 2024 10 21 31 31 ["Chol Hamoed"]
739181 20 5785 7 20 2024 10 22 31 31 ["Chol Hamoed"]
739182 21 5785 7 21 2024 10 23 31 31 ["Hoshana Rabbah"]
739183 22 5785 7 22 2024 10 24 31 31 ["Shemini Atzeret"]
739184 23 5785 7 23 2024 10 25 31 31 ["Simchat Torah"] []
739185 24 5785 7 24 2024 10 26 31 31 ["Bereshit"]
739186 25 5785 7 25 2024 10 27 31 31 []
739187 26 5785 7 26 2024 10 28 31 31 []
739188 27 5785 7 27 2024 10 29 31 31 []
739189 28 5785 7 28 2024 10 30 31 31 []
739190 29 5785 7 29 2024 10 31 31 31 []
739191 30 5785 7 30 2024 11 1 30 30 []
739192 31 5785 8 1 2024 11 2 30 30 ["Noach"]
739193 32 5785 8 2 2024 11 3 30 30 []
739194 33 5785 8 3 2024 11 4 30 30 []
739195 34 5785 8 4 2024 11 5 30 30 []
739196 35 5785 8 5 2024 11 6 30 30 []
739197 36 5785 8 6 2024 11 7 30 30 []
739198 37 5785 8 7 2024 11 8 30 30 []
739199 38 5785 8 8 2024 11 9 30 30 ["Lech L\'cha"]
739200 39 5785 8 9 2024 11 10 30 30 []
739201 40 5785 8 10 2024 11 11 30 30 []
739202 41 5785 8 11 2024 11 12 30 30 []
739203 42 5785 8 12 2024 11 13 30 30 []
739204 43 5785 8 13 2024 11 14 30 30 []
739205 44 5785 8 14 2024 11 15 30 30 []
739206 45 5785 8 15 2024 11 16 30 30 ["Vayera"]
739207 46 5785 8 16 2024 11 17 30 30 []
739208 47 5785 8 17 2024 11 18 30 30 []
739209 48 5785 8 18 2024 11 19 30 30 []
739210 49 5785 8 19 2024 11 20 30 30 []
739211 50 5785 8 20 2024 11 21 30 30 []
739212 51 5785 8 21 2024 11 22 30 30 []
739213 52 5785 8 22 2024 11 23 30 30 ["Chaye Sarah"]
739214 53 5785 8 23 2024 11 24 30 30 []
739215 54 5785 8 24 2024 11 25 30 30 []
739216 55 5785 8 25 2024 11 26 30 30 []
739217 56 5785 8 26 2024 11 27 30 30 []
739218 57 5785 8 27 2024 11 28 30 30 []
739219 58 5785 8 28 2024 11 29 30 30 []
739220 59 5785 8 29 2024 11 30 30 30 ["Toldot"]
739221 60 5785 8 30 2024 12 1 31 31 []
739222 61 5785 9 1 2024 12 2 31 31 []
739223 62 5785 9 2 2024 12 3 31 31 []
739224 63 5785 9 3 2024 12 4 31 31 []
739225 64 5785 9 4 2024 12 5 31 31 []
739226 65 5785 9 5 2024 12 6 31 31 []
739227 66 5785 9 6 2024 12 7 31 31 ["Vayetze"]
739228 67 5785 9 7 2024 12 8 31 31 []
739229 68 5785 9 8 2024 12 9 31 31 []
739230 69 5785 9 9 2024 12 10 31 31 []
739231 70 5785 9 10 2024 12 11 31 31 []
739232 71 5785 9 11 2024 12 12 31 31 []
739233 72 5785 9 12 2024 12 13 31 31 []
739234 73 5785 9 13 2024 12 14 31 31 ["Vayishlach"]
739235 74 5785 9 14 2024 12 15 31 31 []
739236 75 5785 9 15 2024 12 16 31 31 []
739237 76 5785 9 16 2024 12 17 31 31 []
739238 77 5785 9 17 2024 12 18 31 31 []
739239 78 5785 9 18 2024 12 19 31 31 []
739240 79 5785 9 19 2024 12 20 31 31 []
739241 80 5785 9 20 2024 12 21 31 31 ["Vayeshev"]
739242 81 5785 9 21 2024 12 22 31 31 []
739243 82 5785 9 22 2024 12 23 31 31 []
739244 83 5785 9 23 2024 12 24 31 31 []
739245 84 5785 9 24 2024 12 25 31 31 ["Erev Hanukkah"]
739246 85 5785 9 25 2024 12 26 31 31 ["Hanukkah"]
739247 86 5785 9 26 2024 12 27 31 31 ["Hanukkah"]
739248 87 5785 9 27 2024 12 28 31 31 ["Hanukkah", "Miketz"]
739249 88 5785 9 28 2024 12 29 31 31 ["Hanukkah"]
739250 89 5785 9 29 2024 12 30 31 31 ["Hanukkah"]
739251 90 5785 9 30 2024 12 31 31 31 ["Hanukkah"]
739252 91 5785 10 1 2025 1 1 31 31 ["Hanukkah"]
739253 92 5785 10 2 2025 1 2 31 31 ["Hanukkah"]
739254 93 5785 10 3 2025 1 3 31 31 []
739255 94 5785 10 4 2025 1 4 31 31 ["Vayigash"]
739256 95 5785 10 5 2025 1 5 31 31 []
739257 96 5785 10 6 2025 1 6 31 31 []
739258 97 5785 10 7 2025 1 7 31 31 []
739259 98 5785 10 8 2025 1 8 31 31 []
739260 99 5785 10 9 2025 1 9 31 31 []
739261 100 5785 10 10 2025 1 10 31 31 ["Tzom Tevet"]
739262 101 5785 10 11 2025 1 11 31 31 ["Vayechi"]
739263 102 5785 10 12 2025 1 12 31 31 []
739264 103 5785 10 13 2025 1 13 31 31 []
739265 104 5785 10 14 2025 1 14 31 31 []
739266 105 5785 10 15 2025 1 15 31 31 []
739267 106 5785 10 16 2025 1 16 31 31 []
739268 107 5785 10 17 2025 1 17 31 31 []
739269 108 5785 10 18 2025 1 18 31 31 ["Shemot"]
739270 109 5785 10 19 2025 1 19 31 31 []
739271 110 5785 10 20 2025 1 20 31 31 []
739272 111 5785 10 21 2025 1 21 31 31 []
739273 112 5785 10 22 2025 1 22 31 31 []
739274 113 5785 10 23 2025 1 23 31 31 []
739275 114 5785 10 24 2025 1 24 31 31 []
739276 115 5785 10 25 2025 1 25 31 31 ["Vaera"]
739277 116 5785 10 26 2025 1 26 31 31 []
739278 117 5785 10 27 2025 1 27 31 31 []
739279 118 5785 10 28 2025 1 28 31 31 []
739280 119 5785 10 29 2025 1 29 31 31 []
739281 120 5785 11 1 2025 1 30 31 31 []
739282 121 5785 11 2 2025 1 31 31 31 []
739283 122 5785 11 3 2025 2 1 28 28 ["Bo"]
739284 123 5785 11 4 2025 2 2 28 28 []
739285 124 5785 11 5 2025 2 3 28 28 []
739286 125 5785 11 6 2025 2 4 28 28 []
739287 126 5785 11 7 2025 2 5 28 28 []
739288 127 5785 11 8 2025 2 6 28 28 []
739289 128 5785 11 9 2025 2 7 28 28 []
739290 129 5785 11 10 2025 2 8 28 28 ["Sh. Shirah", "Beshalach"]
739291 130 5785 11 11 2025 2 9 28 28 []
739292 131 5785 11 12 2025 2 10 28 28 []
739293 132 5785 11 13 2025 2 11 28 28 []
739294 133 5785 11 14 2025 2 12 28 28 []
739295 134 5785 11 15 2025 2 13 28 28 ["Tu B\'Shevat"]
739296 135 5785 11 16 2025 2 14 28 28 []
739297 136 5785 11 17 2025 2 15 28 28 ["Yitro"]
739298 137 5785 11 18 2025 2 16 28 28 []
739299 138 5785 11 19 2025 2 17 28 28 []
739300 139 5785 11 20 2025 2 18 28 28 []
739301 140 5785 11 21 2025 2 19 28 28 []
739302 141 5785 11 22 2025 2 20 28 28 []
739303 142 5785 11 23 2025 2 21 28 28 []
739304 143 5785 11 24 2025 2 22 28 28 ["Mishpatim"]
739305 144 5785 11 25 2025 2 23 28 28 []
739306 145 5785 11 26 2025 2 24 28 28 []
739307 146 5785 11 27 2025 2 25 28 28 []
739308 147 5785 11 28 2025 2 26 28 28 []
739309 148 5785 11 29 2025 2 27 28 28 []
739310 149 5785 11 30 2025 2 28 28 28 []
739311 150 5785 12 1 2025 3 1 31 31 ["Sh. Shekalim", "Terumah"]
739312 151 5785 12 2 2025 3 2 31 31 []
739313 152 5785 12 3 2025 3 3 31 31 []
739314 153 5785 12 4 2025 3 4 31 31 []
739315 154 5785 12 5 2025 3 5 31 31 []
739316 155 5785 12 6 2025 3 6 31 31 []
739317 156 5785 12 7 2025 3 7 31 31 []
739318 157 5785 12 8 2025 3 8 31 31 ["Sh. Zachor", "Tetzaveh"]
739319 158 5785 12 9 2025 3 9 31 31 []
739320 159 5785 12 10 2025 3 10 31 31 []
739321 160 5785 12 11 2025 3 11 31 31 []
739322 161 5785 12 12 2025 3 12 31 31 []
739323 162 5785 12 13 2025 3 13 31 31 ["Ta\'anit Esther", "Erev Purim"]
739324 163 5785 12 14 2025 3 14 31 31 ["Purim"]
739325 164 5785 12 15 2025 3 15 31 31 ["Ki Tisa"]
739326 165 5785 12 16 2025 3 16 31 31 ["Shushan Purim"]
739327 166 5785 12 17 2025 3 17 31 31 []
739328 167 5785 12 18 2025 3 18 31 31 []
739329 168 5785 12 19 2025 3 19 31 31 []
739330 169 5785 12 20 2025 3 20 31 31 []
739331 170 5785 12 21 2025 3 21 31 31 []
739332 171 5785 12 22 2025 3 22 31 31 ["Sh. Parah", "Vayakhel"]
739333 172 5785 12 23 2025 3 23 31 31 []
739334 173 5785 12 24 2025 3 24 31 31 []
739335 174 5785 12 25 2025 3 25 31 31 []
739336 175 5785 12 26 2025 3 26 31 31 []
739337 176 5785 12 27 2025 3 27 31 31 []
739338 177 5785 12 28 2025 3 28 31 31 []
739339 178 5785 12 29 2025 3 29 31 31 ["Sh. HaChodesh", "Pekudei"]
739340 179 5785 1 1 2025 3 30 31 31 []
739341 180 5785 1 2 2025 3 31 31 31 []
739342 181 5785 1 3 2025 4 1 30 30 []
739343 182 5785 1 4 2025 4 2 30 30 []
739344 183 5785 1 5 2025 4 3 30 30 []
739345 184 5785 1 6 2025 4 4 30 30 []
739346 185 5785 1 7 2025 4 5 30 30 ["Vayikra"]
739347 186 5785 1 8 2025 4 6 30 30 []
739348 187 5785 1 9 2025 4 7 30 30 []
739349 188 5785 1 10 2025 4 8 30 30 []
739350 189 5785 1 11 2025 4 9 30 30 []
739351 190 5785 1 12 2025 4 10 30 30 []
739352 191 5785 1 13 2025 4 11 30 30 []
739353 192 5785 1 14 2025 4 12 30 30 ["Erev Pesach", "Sh. HaGadol", "Tzav"]
739354 193 5785 1 15 2025 4 13 30 30 ["Pesach"]
739355 194 5785 1 16 2025 4 14 30 30 ["Pesach", "1st day Omer"] ["Chol Hamoed", "1st day Omer"]
739356 195 5785 1 17 2025 4 15 30 30 ["Chol Hamoed", "2nd day Omer"]
739357 196 5785 1 18 2025 4 16 30 30 ["Chol Hamoed", "3rd day Omer"]
739358 197 5785 1 19 2025 4 17 30 30 ["Chol Hamoed", "4th day Omer"]
739359 198 5785 1 20 2025 4 18 30 30 ["Chol Hamoed", "5th day Omer"]
739360 199 5785 1 21 2025 4 19 30 30 ["Pesach", "6th day Omer"]
739361 200 5785 1 22 2025 4 20 30 30 ["Pesach", "7th day Omer"] ["7th day Omer"]
739362 201 5785 1 23 2025 4 21 30 30 ["8th day Omer"]
739363 202 5785 1 24 2025 4 22 30 30 ["9th day Omer"]
739364 203 5785 1 25 2025 4 23 30 30 ["10th day Omer"]
739365 204 5785 1 26 2025 4 24 30 30 ["11th day Omer"]
739366 205 5785 1 27 2025 4 25 30 30 ["Yom HaShoah", "12th day Omer"]
739367 206 5785 1 28 2025 4 26 30 30 ["13th day Omer", "Shemini"]
739368 207 5785 1 29 2025 4 27 30 30 ["14th day Omer"]
739369 208 5785 1 30 2025 4 28 30 30 ["15th day Omer"]
739370 209 5785 2 1 2025 4 29 30 30 ["16th day Omer"]
739371 210 5785 2 2 2025 4 30 30 30 ["Yom HaZikaron", "17th day Omer"]
739372 211 5785 2 3 2025 5 1 31 31 ["Yom HaAtzmaut", "18th day Omer"]
739373 212 5785 2 4 2025 5 2 31 31 ["19th day Omer"]
739374 213 5785 2 5 2025 5 3 31 31 ["20th day Omer", "Tazria/Metzora"]
739375 214 5785 2 6 2025 5 4 31 31 ["21st day Omer"]
739376 215 5785 2 7 2025 5 5 31 31 ["22nd day Omer"]
739377 216 5785 2 8 2025 5 6 31 31 ["23rd day Omer"]
739378 217 5785 2 9 2025 5 7 31 31 ["24th day Omer"]
739379 218 5785 2 10 2025 5 8 31 31 ["25th day Omer"]
739380 219 5785 2 11 2025 5 9 31 31 ["26th day Omer"]
739381 220 5785 2 12 2025 5 10 31 31 ["27th day Omer", "Acharei Mot/Kedoshim"]
739382 221 5785 2 13 2025 5 11 31 31 ["28th day Omer"]
739383 222 5785 2 14 2025 5 12 31 31 ["29th day Omer"]
739384 223 5785 2 15 2025 5 13 31 31 ["30th day Omer"]
739385 224 5785 2 16 2025 5 14 31 31 ["31st day Omer"]
739386 225 5785 2 17 2025 5 15 31 31 ["32nd day Omer"]
739387 226 5785 2 18 2025 5 16 31 31 ["Lag BaOmer"]
739388 227 5785 2 19 2025 5 17 31 31 ["34th day Omer", "Emor"]
739389 228 5785 2 20 2025 5 18 31 31 ["35th day Omer"]
739390 229 5785 2 21 2025 5 19 31 31 ["36th day Omer"]
739391 230 5785 2 22 2025 5 20 31 31 ["37th day Omer"]
739392 231 5785 2 23 2025 5 21 31 31 ["38th day Omer"]
739393 232 5785 2 24 2025 5 22 31 31 ["39th day Omer"]
739394 233 5785 2 25 2025 5 23 31 31 ["40th day Omer"]
739395 234 5785 2 26 2025 5 24 31 31 ["41st day Omer", "Behar/Bechukotai"]
739396 235 5785 2 27 2025 5 25 31 31 ["42nd day Omer"]
739397 236 5785 2 28 2025 5 26 31 31 ["Yom Yerushalayim", "43rd day Omer"]
739398 237 5785 2 29 2025 5 27 31 31 ["44th day Omer"]
739399 238 5785 3 1 2025 5 28 31 31 ["45th day Omer"]
739400 239 5785 3 2 2025 5 29 31 31 ["46th day Omer"]
739401 240 5785 3 3 2025 5 30 31 31 ["47th day Omer"]
739402 241 5785 3 4 2025 5 31 31 31 ["48th day Omer", "Bemidbar"]
739403 242 5785 3 5 2025 6 1 30 30 ["Erev Shavuot", "49th day Omer"]
739404 243 5785 3 6 2025 6 2 30 30 ["Shavuot"]
739405 244 5785 3 7 2025 6 3 30 30 ["Shavuot"] []
739406 245 5785 3 8 2025 6 4 30 30 []
739407 246 5785 3 9 2025 6 5 30 30 []
739408 247 5785 3 10 2025 6 6 30 30 []
739409 248 5785 3 11 2025 6 7 30 30 ["Naso"]
739410 249 5785 3 12 2025 6 8 30 30 []
739411 250 5785 3 13 2025 6 9 30 30 []
739412 251 5785 3 14 2025 6 10 30 30 []
739413 252 5785 3 15 2025 6 11 30 30 []
739414 253 5785 3 16 2025 6 12 30 30 []
739415 254 5785 3 17 2025 6 13 30 30 []
739416 255 5785 3 18 2025 6 14 30 30 ["Behaalotcha"]
739417 256 5785 3 19 2025 6 15 30 30 []
739418 257 5785 3 20 2025 6 16 30 30 []
739419 258 5785 3 21 2025 6 17 30 30 []
739420 259 5785 3 22 2025 6 18 30 30 []
739421 260 5785 3 23 2025 6 19 30 30 []
739422 261 5785 3 24 2025 6 20 30 30 []
739423 262 5785 3 25 2025 6 21 30 30 ["Shelach"]
739424 263 5785 3 26 2025 6 22 30 30 []
739425 264 5785 3 27 2025 6 23 30 30 []
739426 265 5785 3 28 2025 6 24 30 30 []
739427 266 5785 3 29 2025 6 25 30 30 []
739428 267 5785 3 30 2025 6 26 30 30 []
739429 268 5785 4 1 2025 6 27 30 30 []
739430 269 5785 4 2 2025 6 28 30 30 ["Korach"]
739431 270 5785 4 3 2025 6 29 30 30 []
739432 271 5785 4 4 2025 6 30 30 30 []
739433 272 5785 4 5 2025 7 1 31 31 []
739434 273 5785 4 6 2025 7 2 31 31 []
739435 274 5785 4 7 2025 7 3 31 31 []
739436 275 5785 4 8 2025 7 4 31 31 []
739437 276 5785 4 9 2025 7 5 31 31 ["Chukat"]
739438 277 5785 4 10 2025 7 6 31 31 []
739439 278 5785 4 11 2025 7 7 31 31 []
739440 279 5785 4 12 2025 7 8 31 31 []
739441 280 5785 4 13 2025 7 9 31 31 []
739442 281 5785 4 14 2025 7 10 31 31 []
739443 282 5785 4 15 2025 7 11 31 31 []
739444 283 5785 4 16 2025 7 12 31 31 ["Balak"]
739445 284 5785 4 17 2025 7 13 31 31 ["Tzom Tammuz"]
739446 285 5785 4 18 2025 7 14 31 31 []
739447 286 5785 4 19 2025 7 15 31 31 []
739448 287 5785 4 20 2025 7 16 31 31 []
739449 288 5785 4 21 2025 7 17 31 31 []
739450 289 5785 4 22 2025 7 18 31 31 []
739451 290 5785 4 23 2025 7 19 31 31 ["Pinchas"]
739452 291 5785 4 24 2025 7 20 31 31 []
739453 292 5785 4 25 2025 7 21 31 31 []
739454 293 5785 4 26 2025 7 22 31 31 []
739455 294 5785 4 27 2025 7 23 31 31 []
739456 295 5785 4 28 2025 7 24 31 31 []
739457 296 5785 4 29 2025 7 25 31 31 []
739458 297 5785 5 1 2025 7 26 31 31 ["Matot/Masei"]
739459 298 5785 5 2 2025 7 27 31 31 []
739460 299 5785 5 3 2025 7 28 31 31 []
739461 300 5785 5 4 2025 7 29 31 31 []
739462 301 5785 5 5 2025 7 30 31 31 []
739463 302 5785 5 6 2025 7 31 31 31 []
739464 303 5785 5 7 2025 8 1 31 31 []
739465 304 5785 5 8 2025 8 2 31 31 ["Sh. Chazon", "Devarim"]
739466 305 5785 5 9 2025 8 3 31 31 ["Tisha B\'Av"]
739467 306 5785 5 10 2025 8 4 31 31 []
739468 307 5785 5 11 2025 8 5 31 31 []
739469 308 5785 5 12 2025 8 6 31 31 []
739470 309 5785 5 13 2025 8 7 31 31 []
739471 310 5785 5 14 2025 8 8 31 31 []
739472 311 5785 5 15 2025 8 9 31 31 ["Sh. Nachamu", "Vaetchanan"]
739473 312 5785 5 16 2025 8 10 31 31 []
739474 313 5785 5 17 2025 8 11 31 31 []
739475 314 5785 5 18 2025 8 12 31 31 []
739476 315 5785 5 19 2025 8 13 31 31 []
739477 316 5785 5 20 2025 8 14 31 31 []
739478 317 5785 5 21 2025 8 15 31 31 []
739479 318 5785 5 22 2025 8 16 31 31 ["Ekev"]
739480 319 5785 5 23 2025 8 17 31 31 []
739481 320 5785 5 24 2025 8 18 31 31 []
739482 321 5785 5 25 2025 8 19 31 31 []
739483 322 5785 5 26 2025 8 20 31 31 []
739484 323 5785 5 27 2025 8 21 31 31 []
739485 324 5785 5 28 2025 8 22 31 31 []
739486 325 5785 5 29 2025 8 23 31 31 ["Reeh"]
739487 326 5785 5 30 2025 8 24 31 31 []
739488 327 5785 6 1 2025 8 25 31 31 []
739489 328 5785 6 2 2025 8 26 31 31 []
739490 329 5785 6 3 2025 8 27 31 31 []
739491 330 5785 6 4 2025 8 28 31 31 []
739492 331 5785 6 5 2025 8 29 31 31 []
739493 332 5785 6 6 2025 8 30 31 31 ["Shoftim"]
739494 333 5785 6 7 2025 8 31 31 31 []
739495 334 5785 6 8 2025 9 1 30 30 []
739496 335 5785 6 9 2025 9 2 30 30 []
739497 336 5785 6 10 2025 9 3 30 30 []
739498 337 5785 6 11 2025 9 4 30 30 []
739499 338 5785 6 12 2025 9 5 30 30 []
739500 339 5785 6 13 2025 9 6 30 30 ["Ki Tetze"]
739501 340 5785 6 14 2025 9 7 30 30 []
739502 341 5785 6 15 2025 9 8 30 30 []
739503 342 5785 6 16 2025 9 9 30 30 []
739504 343 5785 6 17 2025 9 10 30 30 []
739505 344 5785 6 18 2025 9 11 30 30 []
739506 345 5785 6 19 2025 9 12 30 30 []
739507 346 5785 6 20 2025 9 13 30 30 ["Selichot (evening)", "Ki Tavo"]
739508 347 5785 6 21 2025 9 14 30 30 []
739509 348 5785 6 22 2025 9 15 30 30 []
739510 349 5785 6 23 2025 9 16 30 30 []
739511 350 5785 6 24 2025 9 17 30 30 []
739512 351 5785 6 25 2025 9 18 30 30 []
739513 352 5785 6 26 2025 9 19 30 30 []
739514 353 5785 6 27 2025 9 20 30 30 ["Nitzavim"]
739515 354 5785 6 28 2025 9 21 30 30 []
739516 355 5785 6 29 2025 9 22 30 30 ["Erev R.H."]
739517 1 5786 7 1 2025 9 23 30 30 ["Rosh Hashanah"]
739518 2 5786 7 2 2025 9 24 30 30 ["Rosh Hashanah"]
739519 3 5786 7 3 2025 9 25 30 30 ["Tzom Gedaliah"]
739520 4 5786 7 4 2025 9 26 30 30 []
739521 5 5786 7 5 2025 9 27 30 30 ["Sh. Shuvah", "Vayelech"]
739522 6 5786 7 6 2025 9 28 30 30 []
739523 7 5786 7 7 2025 9 29 30 30 []
739524 8 5786 7 8 2025 9 30 30 30 []
739525 9 5786 7 9 2025 10 1 31 31 ["Erev Y.K."]
739526 10 5786 7 10 2025 10 2 31 31 ["Yom Kippur"]
739527 11 5786 7 11 2025 10 3 31 31 []
739528 12 5786 7 12 2025 10 4 31 31 ["Haazinu"]
739529 13 5786 7 13 2025 10 5 31 31 []
739530 14 5786 7 14 2025 10 6 31 31 ["Erev Sukkot"]
739531 15 5786 7 15 2025 10 7 31 31 ["Sukkot"]
739532 16 5786 7 16 2025 10 8 31 31 ["Sukkot"] ["Chol Hamoed"]
739533 17 5786 7 17 2025 10 9 31 31 ["Chol Hamoed"]
739534 18 5786 7 18 2025 10 10 31 31 ["Chol Hamoed"]
739535 19 5786 7 19 2025 10 11 31 31 ["Chol Hamoed"]
739536 20 5786 7 20 2025 10 12 31 31 ["Chol Hamoed"]
739537 21 5786 7 21 2025 10 13 31 31 ["Hoshana Rabbah"]
739538 22 5786 7 22 2025 10 14 31 31 ["Shemini Atzeret"]
739539 23 5786 7 23 2025 10 15 31 31 ["Simchat Torah"] []
739540 24 5786 7 24 2025 10 16 31 31 []
739541 25 5786 7 25 2025 10 17 31 31 []
739542 26 5786 7 26 2025 10 18 31 31 ["Bereshit"]
739543 27 5786 7 27 2025 10 19 31 31 []
739544 28 5786 7 28 2025 10 20 31 31 []
739545 29 5786 7 29 2025 10 21 31 31 []
739546 30 5786 7 30 2025 10 22 31 31 []
739547 31 5786 8 1 2025 10 23 31 31 []
739548 32 5786 8 2 2025 10 24 31 31 []
739549 33 5786 8 3 2025 10 25 31 31 ["Noach"]
739550 34 5786 8 4 2025 10 26 31 31 []
739551 35 5786 8 5 2025 10 27 31 31 []
739552 36 5786 8 6 2025 10 28 31 31 []
739553 37 5786 8 7 2025 10 29 31 31 []
739554 38 5786 8 8 2025 10 30 31 31 []
739555 39 5786 8 9 2025 10 31 31 31 []
739556 40 5786 8 10 2025 11 1 30 30 ["Lech L\'cha"]
739557 41 5786 8 11 2025 11 2 30 30 []
739558 42 5786 8 12 2025 11 3 30 30 []
739559 43 5786 8 13 2025 11 4 30 30 []
739560 44 5786 8 14 2025 11 5 30 30 []
739561 45 5786 8 15 2025 11 6 30 30 []
739562 46 5786 8 16 2025 11 7 30 30 []
739563 47 5786 8 17 2025 11 8 30 30 ["Vayera"]
739564 48 5786 8 18 2025 11 9 30 30 []
739565 49 5786 8 19 2025 11 10 30 30 []
739566 50 5786 8 20 2025 11 11 30 30 []
739567 51 5786 8 21 2025 11 12 30 30 []
739568 52 5786 8 22 2025 11 13 30 30 []
739569 53 5786 8 23 2025 11 14 30 30 []
739570 54 5786 8 24 2025 11 15 30 30 ["Chaye Sarah"]
739571 55 5786 8 25 2025 11 16 30 30 []
739572 56 5786 8 26 2025 11 17 30 30 []
739573 57 5786 8 27 2025 11 18 30 30 []
739574 58 5786 8 28 2025 11 19 30 30 []
739575 59 5786 8 29 2025 11 20 30 30 []
739576 60 5786 9 1 2025 11 21 30 30 []
739577 61 5786 9 2 2025 11 22 30 30 ["Toldot"]
739578 62 5786 9 3 2025 11 23 30 30 []
739579 63 5786 9 4 2025 11 24 30 30 []
739580 64 5786 9 5 2025 11 25 30 30 []
739581 65 5786 9 6 2025 11 26 30 30 []
739582 66 5786 9 7 2025 11 27 30 30 []
739583 67 5786 9 8 2025 11 28 30 30 []
739584 68 5786 9 9 2025 11 29 30 30 ["Vayetze"]
739585 69 5786 9 10 2025 11 30 30 30 []
739586 70 5786 9 11 2025 12 1 31 31 []
739587 71 5786 9 12 2025 12 2 31 31 []
739588 72 5786 9 13 2025 12 3 31 31 []
739589 73 5786 9 14 2025 12 4 31 31 []
739590 74 5786 9 15 2025 12 5 31 31 []
739591 75 5786 9 16 2025 12 6 31 31 ["Vayishlach"]
739592 76 5786 9 17 2025 12 7 31 31 []
739593 77 5786 9 18 2025 12 8 31 31 []
739594 78 5786 9 19 2025 12 9 31 31 []
739595 79 5786 9 20 2025 12 10 31 31 []
739596 80 5786 9 21 2025 12 11 31 31 []
739597 81 5786 9 22 2025 12 12 31 31 []
739598 82 5786 9 23 2025 12 13 31 31 ["Vayeshev"]
739599 83 5786 9 24 2025 12 14 31 31 ["Erev Hanukkah"]
739600 84 5786 9 25 2025 12 15 31 31 ["Hanukkah"]
739601 85 5786 9 26 2025 12 16 31 31 ["Hanukkah"]
739602 86 5786 9 27 2025 12 17 31 31 ["Hanukkah"]
739603 87 5786 9 28 2025 12 18 31 31 ["Hanukkah"]
739604 88 5786 9 29 2025 12 19 31 31 ["Hanukkah"]
739605 89 5786 9 30 2025 12 20 31 31 ["Hanukkah", "Miketz"]
739606 90 5786 10 1 2025 12 21 31 31 ["Hanukkah"]
739607 91 5786 10 2 2025 12 22 31 31 ["Hanukkah"]
739608 92 5786 10 3 2025 12 23 31 31 []
739609 93 5786 10 4 2025 12 24 31 31 []
739610 94 5786 10 5 2025 12 25 31 31 []
739611 95 5786 10 6 2025 12 26 31 31 []
739612 96 5786 10 7 2025 12 27 31 31 ["Vayigash"]
739613 97 5786 10 8 2025 12 28 31 31 []
739614 98 5786 10 9 2025 12 29 31 31 []
739615 99 5786 10 10 2025 12 30 31 31 ["Tzom Tevet"]
739616 100 5786 10 11 2025 12 31 31 31 []
739617 101 5786 10 12 2026 1 1 31 31 []
739618 102 5786 10 13 2026 1 2 31 31 []
739619 103 5786 10 14 2026 1 3 31 31 ["Vayechi"]
739620 104 5786 10 15 2026 1 4 31 31 []
739621 105 5786 10 16 2026 1 5 31 31 []
739622 106 5786 10 17 2026 1 6 31 31 []
739623 107 5786 10 18 2026 1 7 31 31 []
739624 108 5786 10 19 2026 1 8 31 31 []
739625 109 5786 10 20 2026 1 9 31 31 []
739626 110 5786 10 21 2026 1 10 31 31 ["Shemot"]
739627 111 5786 10 22 2026 1 11 31 31 []
739628 112 5786 10 23 2026 1 12 31 31 []
739629 113 5786 10 24 2026 1 13 31 31 []
739630 114 5786 10 25 2026 1 14 31 31 []
739631 115 5786 10 26 2026 1 15 31 31 []
739632 116 5786 10 27 2026 1 16 31 31 []
739633 117 5786 10 28 2026 1 17 31 31 ["Vaera"]
739634 118 5786 10 29 2026 1 18 31 31 []
739635 119 5786 11 1 2026 1 19 31 31 []
739636 120 5786 11 2 2026 1 20 31 31 []
739637 121 5786 11 3 2026 1 21 31 31 []
739638 122 5786 11 4 2026 1 22 31 31 []
739639 123 5786 11 5 2026 1 23 31 31 []
739640 124 5786 11 6 2026 1 24 31 31 ["Bo"]
739641 125 5786 11 7 2026 1 25 31 31 []
739642 126 5786 11 8 2026 1 26 31 31 []
739643 127 5786 11 9 2026 1 27 31 31 []
739644 128 5786 11 10 2026 1 28 31 31 []
739645 129 5786 11 11 2026 1 29 31 31 []
739646 130 5786 11 12 2026 1 30 31 31 []
739647 131 5786 11 13 2026 1 31 31 31 ["Sh. Shirah", "Beshalach"]
739648 132 5786 11 14 2026 2 1 28 28 []
739649 133 5786 11 15 2026 2 2 28 28 ["Tu B\'Shevat"]
739650 134 5786 11 16 2026 2 3 28 28 []
739651 135 5786 11 17 2026 2 4 28 28 []
739652 136 5786 11 18 2026 2 5 28 28 []
739653 137 5786 11 19 2026 2 6 28 28 []
739654 138 5786 11 20 2026 2 7 28 28 ["Yitro"]
739655 139 5786 11 21 2026 2 8 28 28 []
739656 140 5786 11 22 2026 2 9 28 28 []
739657 141 5786 11 23 2026 2 10 28 28 []
739658 142 5786 11 24 2026 2 11 28 28 []
739659 143 5786 11 25 2026 2 12 28 28 []
739660 144 5786 11 26 2026 2 13 28 28 []
739661 145 5786 11 27 2026 2 14 28 28 ["Sh. Shekalim", "Mishpatim"]
739662 146 5786 11 28 2026 2 15 28 28 []
739663 147 5786 11 29 2026 2 16 28 28 []
739664 148 5786 11 30 2026 2 17 28 28 []
739665 149 5786 12 1 2026 2 18 28 28 []
739666 150 5786 12 2 2026 2 19 28 28 []
739667 151 5786 12 3 2026 2 20 28 28 []
739668 152 5786 12 4 2026 2 21 28 28 ["Terumah"]
739669 153 5786 12 5 2026 2 22 28 28 []
739670 154 5786 12 6 2026 2 23 28 28 []
739671 155 5786 12 7 2026 2 24 28 28 []
739672 156 5786 12 8 2026 2 25 28 28 []
739673 157 5786 12 9 2026 2 26 28 28 []
739674 158 5786 12 10 2026 2 27 28 28 []
739675 159 5786 12 11 2026 2 28 28 28 ["Sh. Zachor", "Tetzaveh"]
739676 160 5786 12 12 2026 3 1 31 31 []
739677 161 5786 12 13 2026 3 2 31 31 ["Ta\'anit Esther", "Erev Purim"]
739678 162 5786 12 14 2026 3 3 31 31 ["Purim"]
739679 163 5786 12 15 2026 3 4 31 31 ["Shushan Purim"]
739680 164 5786 12 16 2026 3 5 31 31 []
739681 165 5786 12 17 2026 3 6 31 31 []
739682 166 5786 12 18 2026 3 7 31 31 ["Sh. Parah", "Ki Tisa"]
739683 167 5786 12 19 2026 3 8 31 31 []
739684 168 5786 12 20 2026 3 9 31 31 []
739685 169 5786 12 21 2026 3 10 31 31 []
739686 170 5786 12 22 2026 3 11 31 31 []
739687 171 5786 12 23 2026 3 12 31 31 []
739688 172 5786 12 24 2026 3 13 31 31 []
739689 173 5786 12 25 2026 3 14 31 31 ["Sh. HaChodesh", "Vayakhel/Pekudei"]
739690 174 5786 12 26 2026 3 15 31 31 []
739691 175 5786 12 27 2026 3 16 31 31 []
739692 176 5786 12 28 2026 3 17 31 31 []
739693 177 5786 12 29 2026 3 18 31 31 []
739694 178 5786 1 1 2026 3 19 31 31 []
739695 179 5786 1 2 2026 3 20 31 31 []
739696 180 5786 1 3 2026 3 21 31 31 ["Vayikra"]
739697 181 5786 1 4 2026 3 22 31 31 []
739698 182 5786 1 5 2026 3 23 31 31 []
739699 183 5786 1 6 2026 3 24 31 31 []
739700 184 5786 1 7 2026 3 25 31 31 []
739701 185 5786 1 8 2026 3 26 31 31 []
739702 186 5786 1 9 2026 3 27 31 31 []
739703 187 5786 1 10 2026 3 28 31 31 ["Sh. HaGadol", "Tzav"]
739704 188 5786 1 11 2026 3 29 31 31 []
739705 189 5786 1 12 2026 3 30 31 31 []
739706 190 5786 1 13 2026 3 31 31 31 []
739707 191 5786 1 14 2026 4 1 30 30 ["Erev Pesach"]
739708 192 5786 1 15 2026 4 2 30 30 ["Pesach"]
739709 193 5786 1 16 2026 4 3 30 30 ["Pesach", "1st day Omer"] ["Chol Hamoed", "1st day Omer"]
739710 194 5786 1 17 2026 4 4 30 30 ["Chol Hamoed", "2nd day Omer"]
739711 195 5786 1 18 2026 4 5 30 30 ["Chol Hamoed", "3rd day Omer"]
739712 196 5786 1 19 2026 4 6 30 30 ["Chol Hamoed", "4th day Omer"]
739713 197 5786 1 20 2026 4 7 30 30 ["Chol Hamoed", "5th day Omer"]
739714 198 5786 1 21 2026 4 8 30 30 ["Pesach", "6th day Omer"]
739715 199 5786 1 22 2026 4 9 30 30 ["Pesach", "7th day Omer"] ["7th day Omer"]
739716 200 5786 1 23 2026 4 10 30 30 ["8th day Omer"]
739717 201 5786 1 24 2026 4 11 30 30 ["9th day Omer", "Shemini"]
739718 202 5786 1 25 2026 4 12 30 30 ["10th day Omer"]
739719 203 5786 1 26 2026 4 13 30 30 ["11th day Omer"]
739720 204 5786 1 27 2026 4 14 30 30 ["Yom HaShoah", "12th day Omer"]
739721 205 5786 1 28 2026 4 15 30 30 ["13th day Omer"]
739722 206 5786 1 29 2026 4 16 30 30 ["14th day Omer"]
739723 207 5786 1 30 2026 4 17 30 30 ["15th day Omer"]
739724 208 5786 2 1 2026 4 18 30 30 ["16th day Omer", "Tazria/Metzora"]
739725 209 5786 2 2 2026 4 19 30 30 ["17th day Omer"]
739726 210 5786 2 3 2026 4 20 30 30 ["18th day Omer"]
739727 211 5786 2 4 2026 4 21 30 30 ["Yom HaZikaron", "19th day Omer"]
739728 212 5786 2 5 2026 4 22 30 30 ["Yom HaAtzmaut", "20th day Omer"]
739729 213 5786 2 6 2026 4 23 30 30 ["21st day Omer"]
739730 214 5786 2 7 2026 4 24 30 30 ["22nd day Omer"]
739731 215 5786 2 8 2026 4 25 30 30 ["23rd day Omer", "Acharei Mot/Kedoshim"]
739732 216 5786 2 9 2026 4 26 30 30 ["24th day Omer"]
739733 217 5786 2 10 2026 4 27 30 30 ["25th day Omer"]
739734 218 5786 2 11 2026 4 28 30 30 ["26th day Omer"]
739735 219 5786 2 12 2026 4 29 30 30 ["27th day Omer"]
739736 220 5786 2 13 2026 4 30 30 30 ["28th day Omer"]
739737 221 5786 2 14 2026 5 1 31 31 ["29th day Omer"]
739738 222 5786 2 15 2026 5 2 31 31 ["30th day Omer", "Emor"]
739739 223 5786 2 16 2026 5 3 31 31 ["31st day Omer"]
739740 224 5786 2 17 2026 5 4 31 31 ["32nd day Omer"]
739741 225 5786 2 18 2026 5 5 31 31 ["Lag BaOmer"]
739742 226 5786 2 19 2026 5 6 31 31 ["34th day Omer"]
739743 227 5786 2 20 2026 5 7 31 31 ["35th day Omer"]
739744 228 5786 2 21 2026 5 8 31 31 ["36th day Omer"]
739745 229 5786 2 22 2026 5 9 31 31 ["37th day Omer", "Behar/Bechukotai"]
739746 230 5786 2 23 2026 5 10 31 31 ["38th day Omer"]
739747 231 5786 2 24 2026 5 11 31 31 ["39th day Omer"]
739748 232 5786 2 25 2026 5 12 31 31 ["40th day Omer"]
739749 233 5786 2 26 2026 5 13 31 31 ["41st day Omer"]
739750 234 5786 2 27 2026 5 14 31 31 ["42nd day Omer"]
739751 235 5786 2 28 2026 5 15 31 31 ["Yom Yerushalayim", "43rd day Omer"]
739752 236 5786 2 29 2026 5 16 31 31 ["44th day Omer", "Bemidbar"]
739753 237 5786 3 1 2026 5 17 31 31 ["45th day Omer"]
739754 238 5786 3 2 2026 5 18 31 31 ["46th day Omer"]
739755 239 5786 3 3 2026 5 19 31 31 ["47th day Omer"]
739756 240 5786 3 4 2026 5 20 31 31 ["48th day Omer"]
739757 241 5786 3 5 2026 5 21 31 31 ["Erev Shavuot", "49th day Omer"]
739758 242 5786 3 6 2026 5 22 31 31 ["Shavuot"]
739759 243 5786 3 7 2026 5 23 31 31 ["Shavuot"] ["Naso"]
739760 244 5786 3 8 2026 5 24 31 31 []
739761 245 5786 3 9 2026 5 25 31 31 []
739762 246 5786 3 10 2026 5 26 31 31 []
739763 247 5786 3 11 2026 5 27 31 31 []
739764 248 5786 3 12 2026 5 28 31 31 []
739765 249 5786 3 13 2026 5 29 31 31 []
739766 250 5786 3 14 2026 5 30 31 31 ["Naso"] ["Behaalotcha"]
739767 251 5786 3 15 2026 5 31 31 31 []
739768 252 5786 3 16 2026 6 1 30 30 []
739769 253 5786 3 17 2026 6 2 30 30 []
739770 254 5786 3 18 2026 6 3 30 30 []
739771 255 5786 3 19 2026 6 4 30 30 []
739772 256 5786 3 20 2026 6 5 30 30 []
739773 257 5786 3 21 2026 6 6 30 30 ["Behaalotcha"] ["Shelach"]
739774 258 5786 3 22 2026 6 7 30 30 []
739775 259 5786 3 23 2026 6 8 30 30 []
739776 260 5786 3 24 2026 6 9 30 30 []
739777 261 5786 3 25 2026 6 10 30 30 []
739778 262 5786 3 26 2026 6 11 30 30 []
739779 263 5786 3 27 2026 6 12 30 30 []
739780 264 5786 3 28 2026 6 13 30 30 ["Shelach"] ["Korach"]
739781 265 5786 3 29 2026 6 14 30 30 []
739782 266 5786 3 30 2026 6 15 30 30 []
739783 267 5786 4 1 2026 6 16 30 30 []
739784 268 5786 4 2 2026 6 17 30 30 []
739785 269 5786 4 3 2026 6 18 30 30 []
739786 270 5786 4 4 2026 6 19 30 30 []
739787 271 5786 4 5 2026 6 20 30 30 ["Korach"] ["Chukat"]
739788 272 5786 4 6 2026 6 21 30 30 []
739789 273 5786 4 7 2026 6 22 30 30 []
739790 274 5786 4 8 2026 6 23 30 30 []
739791 275 5786 4 9 2026 6 24 30 30 []
739792 276 5786 4 10 2026 6 25 30 30 []
739793 277 5786 4 11 2026 6 26 30 30 []
739794 278 5786 4 12 2026 6 27 30 30 ["Chukat/Balak"] ["Balak"]
739795 279 5786 4 13 2026 6 28 30 30 []
739796 280 5786 4 14 2026 6 29 30 30 []
739797 281 5786 4 15 2026 6 30 30 30 []
739798 282 5786 4 16 2026 7 1 31 31 []
739799 283 5786 4 17 2026 7 2 31 31 ["Tzom Tammuz"]
739800 284 5786 4 18 2026 7 3 31 31 []
739801 285 5786 4 19 2026 7 4 31 31 ["Pinchas"]
739802 286 5786 4 20 2026 7 5 31 31 []
739803 287 5786 4 21 2026 7 6 31 31 []
739804 288 5786 4 22 2026 7 7 31 31 []
739805 289 5786 4 23 2026 7 8 31 31 []
739806 290 5786 4 24 2026 7 9 31 31 []
739807 291 5786 4 25 2026 7 10 31 31 []
739808 292 5786 4 26 2026 7 11 31 31 ["Matot/Masei"]
739809 293 5786 4 27 2026 7 12 31 31 []
739810 294 5786 4 28 2026 7 13 31 31 []
739811 295 5786 4 29 2026 7 14 31 31 []
739812 296 5786 5 1 2026 7 15 31 31 []
739813 297 5786 5 2 2026 7 16 31 31 []
739814 298 5786 5 3 2026 7 17 31 31 []
739815 299 5786 5 4 2026 7 18 31 31 ["Sh. Chazon", "Devarim"]
739816 300 5786 5 5 2026 7 19 31 31 []
739817 301 5786 5 6 2026 7 20 31 31 []
739818 302 5786 5 7 2026 7 21 31 31 []
739819 303 5786 5 8 2026 7 22 31 31 []
739820 304 5786 5 9 2026 7 23 31 31 ["Tisha B\'Av"]
739821 305 5786 5 10 2026 7 24 31 31 []
739822 306 5786 5 11 2026 7 25 31 31 ["Sh. Nachamu", "Vaetchanan"]
739823 307 5786 5 12 2026 7 26 31 31 []
739824 308 5786 5 13 2026 7 27 31 31 []
739825 309 5786 5 14 2026 7 28 31 31 []
739826 310 5786 5 15 2026 7 29 31 31 []
739827 311 5786 5 16 2026 7 30 31 31 []
739828 312 5786 5 17 2026 7 31 31 31 []
739829 313 5786 5 18 2026 8 1 31 31 ["Ekev"]
739830 314 5786 5 19 2026 8 2 31 31 []
739831 315 5786 5 20 2026 8 3 31 31 []
739832 316 5786 5 21 2026 8 4 31 31 []
739833 317 5786 5 22 2026 8 5 31 31 []
739834 318 5786 5 23 2026 8 6 31 31 []
739835 319 5786 5 24 2026 8 7 31 31 []
739836 320 5786 5 25 2026 8 8 31 31 ["Reeh"]
739837 321 5786 5 26 2026 8 9 31 31 []
739838 322 5786 5 27 2026 8 10 31 31 []
739839 323 5786 5 28 2026 8 11 31 31 []
739840 324 5786 5 29 2026 8 12 31 31 []
739841 325 5786 5 30 2026 8 13 31 31 []
739842 326 5786 6 1 2026 8 14 31 31 []
739843 327 5786 6 2 2026 8 15 31 31 ["Shoftim"]
739844 328 5786 6 3 2026 8 16 31 31 []
739845 329 5786 6 4 2026 8 17 31 31 []
739846 330 5786 6 5 2026 8 18 31 31 []
739847 331 5786 6 6 2026 8 19 31 31 []
739848 332 5786 6 7 2026 8 20 31 31 []
739849 333 5786 6 8 2026 8 21 31 31 []
739850 334 5786 6 9 2026 8 22 31 31 ["Ki Tetze"]
739851 335 5786 6 10 2026 8 23 31 31 []
739852 336 5786 6 11 2026 8 24 31 31 []
739853 337 5786 6 12 2026 8 25 31 31 []
739854 338 5786 6 13 2026 8 26 31 31 []
739855 339 5786 6 14 2026 8 27 31 31 []
739856 340 5786 6 15 2026 8 28 31 31 []
739857 341 5786 6 16 2026 8 29 31 31 ["Ki Tavo"]
739858 342 5786 6 17 2026 8 30 31 31 []
739859 343 5786 6 18 2026 8 31 31 31 []
739860 344 5786 6 19 2026 9 1 30 30 []
739861 345 5786 6 20 2026 9 2 30 30 []
739862 346 5786 6 21 2026 9 3 30 30 []
739863 347 5786 6 22 2026 9 4 30 30 []
739864 348 5786 6 23 2026 9 5 30 30 ["Selichot (evening)", "Nitzavim/Vayelech"]
739865 349 5786 6 24 2026 9 6 30 30 []
739866 350 5786 6 25 2026 9 7 30 30 []
739867 351 5786 6 26 2026 9 8 30 30 []
739868 352 5786 6 27 2026 9 9 30 30 []
739869 353 5786 6 28 2026 9 10 30 30 []
739870 354 5786 6 29 2026 9 11 30 30 ["Erev R.H."]
739871 1 5787 7 1 2026 9 12 30 30 ["Rosh Hashanah"]
739872 2 5787 7 2 2026 9 13 30 30 ["Rosh Hashanah"]
739873 3 5787 7 3 2026 9 14 30 30 ["Tzom Gedaliah"]
739874 4 5787 7 4 2026 9 15 30 30 []
739875 5 5787 7 5 2026 9 16 30 30 []
739876 6 5787 7 6 2026 9 17 30 30 []
739877 7 5787 7 7 2026 9 18 30 30 []
739878 8 5787 7 8 2026 9 19 30 30 ["Sh. Shuvah", "Haazinu"]
739879 9 5787 7 9 2026 9 20 30 30 ["Erev Y.K."]
739880 10 5787 7 10 2026 9 21 30 30 ["Yom Kippur"]
739881 11 5787 7 11 2026 9 22 30 30 []
739882 12 5787 7 12 2026 9 23 30 30 []
739883 13 5787 7 13 2026 9 24 30 30 []
739884 14 5787 7 14 2026 9 25 30 30 ["Erev Sukkot"]
739885 15 5787 7 15 2026 9 26 30 30 ["Sukkot"]
739886 16 5787 7 16 2026 9 27 30 30 ["Sukkot"] ["Chol Hamoed"]
739887 17 5787 7 17 2026 9 28 30 30 ["Chol Hamoed"]
739888 18 5787 7 18 2026 9 29 30 30 ["Chol Hamoed"]
739889 19 5787 7 19 2026 9 30 30 30 ["Chol Hamoed"]
739890 20 5787 7 20 2026 10 1 31 31 ["Chol Hamoed"]
739891 21 5787 7 21 2026 10 2 31 31 ["Hoshana Rabbah"]
739892 22 5787 7 22 2026 10 3 31 31 ["Shemini Atzeret"]
739893 23 5787 7 23 2026 10 4 31 31 ["Simchat Torah"] []
739894 24 5787 7 24 2026 10 5 31 31 []
739895 25 5787 7 25 2026 10 6 31 31 []
739896 26 5787 7 26 2026 10 7 31 31 []
739897 27 5787 7 27 2026 10 8 31 31 []
739898 28 5787 7 28 2026 10 9 31 31 []
739899 29 5787 7 29 2026 10 10 31 31 ["Bereshit"]
739900 30 5787 7 30 2026 10 11 31 31 []
739901 31 5787 8 1 2026 10 12 31 31 []
739902 32 5787 8 2 2026 10 13 31 31 []
739903 33 5787 8 3 2026 10 14 31 31 []
739904 34 5787 8 4 2026 10 15 31 31 []
739905 35 5787 8 5 2026 10 16 31 31 []
739906 36 5787 8 6 2026 10 17 31 31 ["Noach"]
739907 37 5787 8 7 2026 10 18 31 31 []
739908 38 5787 8 8 2026 10 19 31 31 []
739909 39 5787 8 9 2026 10 20 31 31 []
739910 40 5787 8 10 2026 10 21 31 31 []
739911 41 5787 8 11 2026 10 22 31 31 []
739912 42 5787 8 12 2026 10 23 31 31 []
739913 43 5787 8 13 2026 10 24 31 31 ["Lech L\'cha"]
739914 44 5787 8 14 2026 10 25 31 31 []
739915 45 5787 8 15 2026 10 26 31 31 []
739916 46 5787 8 16 2026 10 27 31 31 []
739917 47 5787 8 17 2026 10 28 31 31 []
739918 48 5787 8 18 2026 10 29 31 31 []
739919 49 5787 8 19 2026 10 30 31 31 []
739920 50 5787 8 20 2026 10 31 31 31 ["Vayera"]
739921 51 5787 8 21 2026 11 1 30 30 []
739922 52 5787 8 22 2026 11 2 30 30 []
739923 53 5787 8 23 2026 11 3 30 30 []
739924 54 5787 8 24 2026 11 4 30 30 []
739925 55 5787 8 25 2026 11 5 30 30 []
739926 56 5787 8 26 2026 11 6 30 30 []
739927 57 5787 8 27 2026 11 7 30 30 ["Chaye Sarah"]
739928 58 5787 8 28 2026 11 8 30 30 []
739929 59 5787 8 29 2026 11 9 30 30 []
739930 60 5787 8 30 2026 11 10 30 30 []
739931 61 5787 9 1 2026 11 11 30 30 []
739932 62 5787 9 2 2026 11 12 30 30 []
739933 63 5787 9 3 2026 11 13 30 30 []
739934 64 5787 9 4 2026 11 14 30 30 ["Toldot"]
739935 65 5787 9 5 2026 11 15 30 30 []
739936 66 5787 9 6 2026 11 16 30 30 []
739937 67 5787 9 7 2026 11 17 30 30 []
739938 68 5787 9 8 2026 11 18 30 30 []
739939 69 5787 9 9 2026 11 19 30 30 []
739940 70 5787 9 10 2026 11 20 30 30 []
739941 71 5787 9 11 2026 11 21 30 30 ["Vayetze"]
739942 72 5787 9 12 2026 11 22 30 30 []
739943 73 5787 9 13 2026 11 23 30 30 []
739944 74 5787 9 14 2026 11 24 30 30 []
739945 75 5787 9 15 2026 11 25 30 30 []
739946 76 5787 9 16 2026 11 26 30 30 []
739947 77 5787 9 17 2026 11 27 30 30 []
739948 78 5787 9 18 2026 11 28 30 30 ["Vayishlach"]
739949 79 5787 9 19 2026 11 29 30 30 []
739950 80 5787 9 20 2026 11 30 30 30 []
739951 81 5787 9 21 2026 12 1 31 31 []
739952 82 5787 9 22 2026 12 2 31 31 []
739953 83 5787 9 23 2026 12 3 31 31 []
739954 84 5787 9 24 2026 12 4 31 31 ["Erev Hanukkah"]
739955 85 5787 9 25 2026 12 5 31 31 ["Hanukkah", "Vayeshev"]
739956 86 5787 9 26 2026 12 6 31 31 ["Hanukkah"]
739957 87 5787 9 27 2026 12 7 31 31 ["Hanukkah"]
739958 88 5787 9 28 2026 12 8 31 31 ["Hanukkah"]
739959 89 5787 9 29 2026 12 9 31 31 ["Hanukkah"]
739960 90 5787 9 30 2026 12 10 31 31 ["Hanukkah"]
739961 91 5787 10 1 2026 12 11 31 31 ["Hanukkah"]
739962 92 5787 10 2 2026 12 12 31 31 ["Hanukkah", "Miketz"]
739963 93 5787 10 3 2026 12 13 31 31 []
739964 94 5787 10 4 2026 12 14 31 31 []
739965 95 5787 10 5 2026 12 15 31 31 []
739966 96 5787 10 6 2026 12 16 31 31 []
739967 97 5787 10 7 2026 12 17 31 31 []
739968 98 5787 10 8 2026 12 18 31 31 []
739969 99 5787 10 9 2026 12 19 31 31 ["Vayigash"]
739970 100 5787 10 10 2026 12 20 31 31 ["Tzom Tevet"]
739971 101 5787 10 11 2026 12 21 31 31 []
739972 102 5787 10 12 2026 12 22 31 31 []
739973 103 5787 10 13 2026 12 23 31 31 []
739974 104 5787 10 14 2026 12 24 31 31 []
739975 105 5787 10 15 2026 12 25 31 31 []
739976 106 5787 10 16 2026 12 26 31 31 ["Vayechi"]
739977 107 5787 10 17 2026 12 27 31 31 []
739978 108 5787 10 18 2026 12 28 31 31 []
739979 109 5787 10 19 2026 12 29 31 31 []
739980 110 5787 10 20 2026 12 30 31 31 []
739981 111 5787 10 21 2026 12 31 31 31 []
739982 112 5787 10 22 2027 1 1 31 31 []
739983 113 5787 10 23 2027 1 2 31 31 ["Shemot"]
739984 114 5787 10 24 2027 1 3 31 31 []
739985 115 5787 10 25 2027 1 4 31 31 []
739986 116 5787 10 26 2027 1 5 31 31 []
739987 117 5787 10 27 2027 1 6 31 31 []
739988 118 5787 10 28 2027 1 7 31 31 []
739989 119 5787 10 29 2027 1 8 31 31 []
739990 120 5787 11 1 2027 1 9 31 31 ["Vaera"]
739991 121 5787 11 2 2027 1 10 31 31 []
739992 122 5787 11 3 2027 1 11 31 31 []
739993 123 5787 11 4 2027 1 12 31 31 []
739994 124 5787 11 5 2027 1 13 31 31 []
739995 125 5787 11 6 2027 1 14 31 31 []
739996 126 5787 11 7 2027 1 15 31 31 []
739997 127 5787 11 8 2027 1 16 31 31 ["Bo"]
739998 128 5787 11 9 2027 1 17 31 31 []
739999 129 5787 11 10 2027 1 18 31 31 []
740000 130 5787 11 11 2027 1 19 31 31 []
740001 131 5787 11 12 2027 1 20 31 31 []
740002 132 5787 11 13 2027 1 21 31 31 []
740003 133 5787 11 14 2027 1 22 31 31 []
740004 134 5787 11 15 2027 1 23 31 31 ["Sh. Shirah", "Tu B\'Shevat", "Beshalach"]
740005 135 5787 11 16 2027 1 24 31 31 []
740006 136 5787 11 17 2027 1 25 31 31 []
740007 137 5787 11 18 2027 1 26 31 31 []
740008 138 5787 11 19 2027 1 27 31 31 []
740009 139 5787 11 20 2027 1 28 31 31 []
740010 140 5787 11 21 2027 1 29 31 31 []
740011 141 5787 11 22 2027 1 30 31 31 ["Yitro"]
740012 142 5787 11 23 2027 1 31 31 31 []
740013 143 5787 11 24 2027 2 1 28 28 []
740014 144 5787 11 25 2027 2 2 28 28 []
740015 145 5787 11 26 2027 2 3 28 28 []
740016 146 5787 11 27 2027 2 4 28 28 []
740017 147 5787 11 28 2027 2 5 28 28 []
740018 148 5787 11 29 2027 2 6 28 28 ["Mishpatim"]
740019 149 5787 11 30 2027 2 7 28 28 []
740020 150 5787 12 1 2027 2 8 28 28 []
740021 151 5787 12 2 2027 2 9 28 28 []
740022 152 5787 12 3 2027 2 10 28 28 []
740023 153 5787 12 4 2027 2 11 28 28 []
740024 154 5787 12 5 2027 2 12 28 28 []
740025 155 5787 12 6 2027 2 13 28 28 ["Terumah"]
740026 156 5787 12 7 2027 2 14 28 28 []
740027 157 5787 12 8 2027 2 15 28 28 []
740028 158 5787 12 9 2027 2 16 28 28 []
740029 159 5787 12 10 2027 2 17 28 28 []
740030 160 5787 12 11 2027 2 18 28 28 []
740031 161 5787 12 12 2027 2 19 28 28 []
740032 162 5787 12 13 2027 2 20 28 28 ["Tetzaveh"]
740033 163 5787 12 14 2027 2 21 28 28 ["Purim Katan"]
740034 164 5787 12 15 2027 2 22 28 28 []
740035 165 5787 12 16 2027 2 23 28 28 []
740036 166 5787 12 17 2027 2 24 28 28 []
740037 167 5787 12 18 2027 2 25 28 28 []
740038 168 5787 12 19 2027 2 26 28 28 []
740039 169 5787 12 20 2027 2 27 28 28 ["Ki Tisa"]
740040 170 5787 12 21 2027 2 28 28 28 []
740041 171 5787 12 22 2027 3 1 31 31 []
740042 172 5787 12 23 2027 3 2 31 31 []
740043 173 5787 12 24 2027 3 3 31 31 []
740044 174 5787 12 25 2027 3 4 31 31 []
740045 175 5787 12 26 2027 3 5 31 31 []
740046 176 5787 12 27 2027 3 6 31 31 ["Sh. Shekalim", "Vayakhel"]
740047 177 5787 12 28 2027 3 7 31 31 []
740048 178 5787 12 29 2027 3 8 31 31 []
740049 179 5787 12 30 2027 3 9 31 31 []
740050 180 5787 13 1 2027 3 10 31 31 []
740051 181 5787 13 2 2027 3 11 31 31 []
740052 182 5787 13 3 2027 3 12 31 31 []
740053 183 5787 13 4 2027 3 13 31 31 ["Pekudei"]
740054 184 5787 13 5 2027 3 14 31 31 []
740055 185 5787 13 6 2027 3 15 31 31 []
740056 186 5787 13 7 2027 3 16 31 31 []
740057 187 5787 13 8 2027 3 17 31 31 []
740058 188 5787 13 9 2027 3 18 31 31 []
740059 189 5787 13 10 2027 3 19 31 31 []
740060 190 5787 13 11 2027 3 20 31 31 ["Sh. Zachor", "Vayikra"]
740061 191 5787 13 12 2027 3 21 31 31 []
740062 192 5787 13 13 2027 3 22 31 31 ["Ta\'anit Esther", "Erev Purim"]
740063 193 5787 13 14 2027 3 23 31 31 ["Purim"]
740064 194 5787 13 15 2027 3 24 31 31 ["Shushan Purim"]
740065 195 5787 13 16 2027 3 25 31 31 []
740066 196 5787 13 17 2027 3 26 31 31 []
740067 197 5787 13 18 2027 3 27 31 31 ["Sh. Parah", "Tzav"]
740068 198 5787 13 19 2027 3 28 31 31 []
740069 199 5787 13 20 2027 3 29 31 31 []
740070 200 5787 13 21 2027 3 30 31 31 []
740071 201 5787 13 22 2027 3 31 31 31 []
740072 202 5787 13 23 2027 4 1 30 30 []
740073 203 5787 13 24 2027 4 2 30 30 []
740074 204 5787 13 25 2027 4 3 30 30 ["Sh. HaChodesh", "Shemini"]
740075 205 5787 13 26 2027 4 4 30 30 []
740076 206 5787 13 27 2027 4 5 30 30 []
740077 207 5787 13 28 2027 4 6 30 30 []
740078 208 5787 13 29 2027 4 7 30 30 []
740079 209 5787 1 1 2027 4 8 30 30 []
740080 210 5787 1 2 2027 4 9 30 30 []
740081 211 5787 1 3 2027 4 10 30 30 ["Tazria"]
740082 212 5787 1 4 2027 4 11 30 30 []
740083 213 5787 1 5 2027 4 12 30 30 []
740084 214 5787 1 6 2027 4 13 30 30 []
740085 215 5787 1 7 2027 4 14 30 30 []
740086 216 5787 1 8 2027 4 15 30 30 []
740087 217 5787 1 9 2027 4 16 30 30 []
740088 218 5787 1 10 2027 4 17 30 30 ["Sh. HaGadol", "Metzora"]
740089 219 5787 1 11 2027 4 18 30 30 []
740090 220 5787 1 12 2027 4 19 30 30 []
740091 221 5787 1 13 2027 4 20 30 30 []
740092 222 5787 1 14 2027 4 21 30 30 ["Erev Pesach"]
740093 223 5787 1 15 2027 4 22 30 30 ["Pesach"]
740094 224 5787 1 16 2027 4 23 30 30 ["Pesach", "1st day Omer"] ["Chol Hamoed", "1st day Omer"]
740095 225 5787 1 17 2027 4 24 30 30 ["Chol Hamoed", "2nd day Omer"]
740096 226 5787 1 18 2027 4 25 30 30 ["Chol Hamoed", "3rd day Omer"]
740097 227 5787 1 19 2027 4 26 30 30 ["Chol Hamoed", "4th day Omer"]
740098 228 5787 1 20 2027 4 27 30 30 ["Chol Hamoed", "5th day Omer"]
740099 229 5787 1 21 2027 4 28 30 30 ["Pesach", "6th day Omer"]
740100 230 5787 1 22 2027 4 29 30 30 ["Pesach", "7th day Omer"] ["7th day Omer"]
740101 231 5787 1 23 2027 4 30 30 30 ["8th day Omer"]
740102 232 5787 1 24 2027 5 1 31 31 ["9th day Omer", "Acharei Mot"]
740103 233 5787 1 25 2027 5 2 31 31 ["10th day Omer"]
740104 234 5787 1 26 2027 5 3 31 31 ["11th day Omer"]
740105 235 5787 1 27 2027 5 4 31 31 ["Yom HaShoah", "12th day Omer"]
740106 236 5787 1 28 2027 5 5 31 31 ["13th day Omer"]
740107 237 5787 1 29 2027 5 6 31 31 ["14th day Omer"]
740108 238 5787 1 30 2027 5 7 31 31 ["15th day Omer"]
740109 239 5787 2 1 2027 5 8 31 31 ["16th day Omer", "Kedoshim"]
740110 240 5787 2 2 2027 5 9 31 31 ["17th day Omer"]
740111 241 5787 2 3 2027 5 10 31 31 ["18th day Omer"]
740112 242 5787 2 4 2027 5 11 31 31 ["Yom HaZikaron", "19th day Omer"]
740113 243 5787 2 5 2027 5 12 31 31 ["Yom HaAtzmaut", "20th day Omer"]
740114 244 5787 2 6 2027 5 13 31 31 ["21st day Omer"]
740115 245 5787 2 7 2027 5 14 31 31 ["22nd day Omer"]
740116 246 5787 2 8 2027 5 15 31 31 ["23rd day Omer", "Emor"]
740117 247 5787 2 9 2027 5 16 31 31 ["24th day Omer"]
740118 248 5787 2 10 2027 5 17 31 31 ["25th day Omer"]
740119 249 5787 2 11 2027 5 18 31 31 ["26th day Omer"]
740120 250 5787 2 12 2027 5 19 31 31 ["27th day Omer"]
740121 251 5787 2 13 2027 5 20 31 31 ["28th day Omer"]
740122 252 5787 2 14 2027 5 21 31 31 ["29th day Omer"]
740123 253 5787 2 15 2027 5 22 31 31 ["30th day Omer", "Behar"]
740124 254 5787 2 16 2027 5 23 31 31 ["31st day Omer"]
740125 255 5787 2 17 2027 5 24 31 31 ["32nd day Omer"]
740126 256 5787 2 18 2027 5 25 31 31 ["Lag BaOmer"]
740127 257 5787 2 19 2027 5 26 31 31 ["34th day Omer"]
740128 258 5787 2 20 2027 5 27 31 31 ["35th day Omer"]
740129 259 5787 2 21 2027 5 28 31 31 ["36th day Omer"]
740130 260 5787 2 22 2027 5 29 31 31 ["37th day Omer", "Bechukotai"]
740131 261 5787 2 23 2027 5 30 31 31 ["38th day Omer"]
740132 262 5787 2 24 2027 5 31 31 31 ["39th day Omer"]
740133 263 5787 2 25 2027 6 1 30 30 ["40th day Omer"]
740134 264 5787 2 26 2027 6 2 30 30 ["41st day Omer"]
740135 265 5787 2 27 2027 6 3 30 30 ["42nd day Omer"]
740136 266 5787 2 28 2027 6 4 30 30 ["Yom Yerushalayim", "43rd day Omer"]
740137 267 5787 2 29 2027 6 5 30 30 ["44th day Omer", "Bemidbar"]
740138 268 5787 3 1 2027 6 6 30 30 ["45th day Omer"]
740139 269 5787 3 2 2027 6 7 30 30 ["46th day Omer"]
740140 270 5787 3 3 2027 6 8 30 30 ["47th day Omer"]
740141 271 5787 3 4 2027 6 9 30 30 ["48th day Omer"]
740142 272 5787 3 5 2027 6 10 30 30 ["Erev Shavuot", "49th day Omer"]
740143 273 5787 3 6 2027 6 11 30 30 ["Shavuot"]
740144 274 5787 3 7 2027 6 12 30 30 ["Shavuot"] ["Naso"]
740145 275 5787 3 8 2027 6 13 30 30 []
740146 276 5787 3 9 2027 6 14 30 30 []
740147 277 5787 3 10 2027 6 15 30 30 []
740148 278 5787 3 11 2027 6 16 30 30 []
740149 279 5787 3 12 2027 6 17 30 30 []
740150 280 5787 3 13 2027 6 18 30 30 []
740151 281 5787 3 14 2027 6 19 30 30 ["Naso"] ["Behaalotcha"]
740152 282 5787 3 15 2027 6 20 30 30 []
740153 283 5787 3 16 2027 6 21 30 30 []
740154 284 5787 3 17 2027 6 22 30 30 []
740155 285 5787 3 18 2027 6 23 30 30 []
740156 286 5787 3 19 2027 6 24 30 30 []
740157 287 5787 3 20 2027 6 25 30 30 []
740158 288 5787 3 21 2027 6 26 30 30 ["Behaalotcha"] ["Shelach"]
740159 289 5787 3 22 2027 6 27 30 30 []
740160 290 5787 3 23 2027 6 28 30 30 []
740161 291 5787 3 24 2027 6 29 30 30 []
740162 292 5787 3 25 2027 6 30 30 30 []
740163 293 5787 3 26 2027 7 1 31 31 []
740164 294 5787 3 27 2027 7 2 31 31 []
740165 295 5787 3 28 2027 7 3 31 31 ["Shelach"] ["Korach"]
740166 296 5787 3 29 2027 7 4 31 31 []
740167 297 5787 3 30 2027 7 5 31 31 []
740168 298 5787 4 1 2027 7 6 31 31 []
740169 299 5787 4 2 2027 7 7 31 31 []
740170 300 5787 4 3 2027 7 8 31 31 []
740171 301 5787 4 4 2027 7 9 31 31 []
740172 302 5787 4 5 2027 7 10 31 31 ["Korach"] ["Chukat"]
740173 303 5787 4 6 2027 7 11 31 31 []
740174 304 5787 4 7 2027 7 12 31 31 []
740175 305 5787 4 8 2027 7 13 31 31 []
740176 306 5787 4 9 2027 7 14 31 31 []
740177 307 5787 4 10 2027 7 15 31 31 []
740178 308 5787 4 11 2027 7 16 31 31 []
740179 309 5787 4 12 2027 7 17 31 31 ["Chukat/Balak"] ["Balak"]
740180 310 5787 4 13 2027 7 18 31 31 []
740181 311 5787 4 14 2027 7 19 31 31 []
740182 312 5787 4 15 2027 7 20 31 31 []
740183 313 5787 4 16 2027 7 21 31 31 []
740184 314 5787 4 17 2027 7 22 31 31 ["Tzom Tammuz"]
740185 315 5787 4 18 2027 7 23 31 31 []
740186 316 5787 4 19 2027 7 24 31 31 ["Pinchas"]
740187 317 5787 4 20 2027 7 25 31 31 []
740188 318 5787 4 21 2027 7 26 31 31 []
740189 319 5787 4 22 2027 7 27 31 31 []
740190 320 5787 4 23 2027 7 28 31 31 []
740191 321 5787 4 24 2027 7 29 31 31 []
740192 322 5787 4 25 2027 7 30 31 31 []
740193 323 5787 4 26 2027 7 31 31 31 ["Matot/Masei"]
740194 324 5787 4 27 2027 8 1 31 31 []
740195 325 5787 4 28 2027 8 2 31 31 []
740196 326 5787 4 29 2027 8 3 31 31 []
740197 327 5787 5 1 2027 8 4 31 31 []
740198 328 5787 5 2 2027 8 5 31 31 []
740199 329 5787 5 3 2027 8 6 31 31 []
740200 330 5787 5 4 2027 8 7 31 31 ["Sh. Chazon", "Devarim"]
740201 331 5787 5 5 2027 8 8 31 31 []
740202 332 5787 5 6 2027 8 9 31 31 []
740203 333 5787 5 7 2027 8 10 31 31 []
740204 334 5787 5 8 2027 8 11 31 31 []
740205 335 5787 5 9 2027 8 12 31 31 ["Tisha B\'Av"]
740206 336 5787 5 10 2027 8 13 31 31 []
740207 337 5787 5 11 2027 8 14 31 31 ["Sh. Nachamu", "Vaetchanan"]
740208 338 5787 5 12 2027 8 15 31 31 []
740209 339 5787 5 13 2027 8 16 31 31 []
740210 340 5787 5 14 2027 8 17 31 31 []
740211 341 5787 5 15 2027 8 18 31 31 []
740212 342 5787 5 16 2027 8 19 31 31 []
740213 343 5787 5 17 2027 8 20 31 31 []
740214 344 5787 5 18 2027 8 21 31 31 ["Ekev"]
740215 345 5787 5 19 2027 8 22 31 31 []
740216 346 5787 5 20 2027 8 23 31 31 []
740217 347 5787 5 21 2027 8 24 31 31 []
740218 348 5787 5 22 2027 8 25 31 31 []
740219 349 5787 5 23 2027 8 26 31 31 []
740220 350 5787 5 24 2027 8 27 31 31 []
740221 351 5787 5 25 2027 8 28 31 31 ["Reeh"]
740222 352 5787 5 26 2027 8 29 31 31 []
740223 353 5787 5 27 2027 8 30 31 31 []
740224 354 5787 5 28 2027 8 31 31 31 []
740225 355 5787 5 29 2027 9 1 30 30 []
740226 356 5787 5 30 2027 9 2 30 30 []
740227 357 5787 6 1 2027 9 3 30 30 []
740228 358 5787 6 2 2027 9 4 30 30 ["Shoftim"]
740229 359 5787 6 3 2027 9 5 30 30 []
740230 360 5787 6 4 2027 9 6 30 30 []
740231 361 5787 6 5 2027 9 7 30 30 []
740232 362 5787 6 6 2027 9 8 30 30 []
740233 363 5787 6 7 2027 9 9 30 30 []
740234 364 5787 6 8 2027 9 10 30 30 []
740235 365 5787 6 9 2027 9 11 30 30 ["Ki Tetze"]
740236 366 5787 6 10 2027 9 12 30 30 []
740237 367 5787 6 11 2027 9 13 30 30 []
740238 368 5787 6 12 2027 9 14 30 30 []
740239 369 5787 6 13 2027 9 15 30 30 []
740240 370 5787 6 14 2027 9 16 30 30 []
740241 371 5787 6 15 2027 9 17 30 30 []
740242 372 5787 6 16 2027 9 18 30 30 ["Ki Tavo"]
740243 373 5787 6 17 2027 9 19 30 30 []
740244 374 5787 6 18 2027 9 20 30 30 []
740245 375 5787 6 19 2027 9 21 30 30 []
740246 376 5787 6 20 2027 9 22 30 30 []
740247 377 5787 6 21 2027 9 23 30 30 []
740248 378 5787 6 22 2027 9 24 30 30 []
740249 379 5787 6 23 2027 9 25 30 30 ["Selichot (evening)", "Nitzavim/Vayelech"]
740250 380 5787 6 24 2027 9 26 30 30 []
740251 381 5787 6 25 2027 9 27 30 30 []
740252 382 5787 6 26 2027 9 28 30 30 []
740253 383 5787 6 27 2027 9 29 30 30 []
740254 384 5787 6 28 2027 9 30 30 30 []
740255 385 5787 6 29 2027 10 1 31 31 ["Erev R.H."]
740256 1 5788 7 1 2027 10 2 31 31 ["Rosh Hashanah"]
740257 2 5788 7 2 2027 10 3 31 31 ["Rosh Hashanah"]
740258 3 5788 7 3 2027 10 4 31 31 ["Tzom Gedaliah"]
740259 4 5788 7 4 2027 10 5 31 31 []
740260 5 5788 7 5 2027 10 6 31 31 []
740261 6 5788 7 6 2027 10 7 31 31 []
740262 7 5788 7 7 2027 10 8 31 31 []
740263 8 5788 7 8 2027 10 9 31 31 ["Sh. Shuvah", "Haazinu"]
740264 9 5788 7 9 2027 10 10 31 31 ["Erev Y.K."]
740265 10 5788 7 10 2027 10 11 31 31 ["Yom Kippur"]
740266 11 5788 7 11 2027 10 12 31 31 []
740267 12 5788 7 12 2027 10 13 31 31 []
740268 13 5788 7 13 2027 10 14 31 31 []
740269 14 5788 7 14 2027 10 15 31 31 ["Erev Sukkot"]
740270 15 5788 7 15 2027 10 16 31 31 ["Sukkot"]
740271 16 5788 7 16 2027 10 17 31 31 ["Sukkot"] ["Chol Hamoed"]
740272 17 5788 7 17 2027 10 18 31 31 ["Chol Hamoed"]
740273 18 5788 7 18 2027 10 19 31 31 ["Chol Hamoed"]
740274 19 5788 7 19 2027 10 20 31 31 ["Chol Hamoed"]
740275 20 5788 7 20 2027 10 21 31 31 ["Chol Hamoed"]
740276 21 5788 7 21 2027 10 22 31 31 ["Hoshana Rabbah"]
740277 22 5788 7 22 2027 10 23 31 31 ["Shemini Atzeret"]
740278 23 5788 7 23 2027 10 24 31 31 ["Simchat Torah"] []
740279 24 5788 7 24 2027 10 25 31 31 []
740280 25 5788 7 25 2027 10 26 31 31 []
740281 26 5788 7 26 2027 10 27 31 31 []
740282 27 5788 7 27 2027 10 28 31 31 []
740283 28 5788 7 28 2027 10 29 31 31 []
740284 29 5788 7 29 2027 10 30 31 31 ["Bereshit"]
740285 30 5788 7 30 2027 10 31 31 31 []
740286 31 5788 8 1 2027 11 1 30 30 []
740287 32 5788 8 2 2027 11 2 30 30 []
740288 33 5788 8 3 2027 11 3 30 30 []
740289 34 5788 8 4 2027 11 4 30 30 []
740290 35 5788 8 5 2027 11 5 30 30 []
740291 36 5788 8 6 2027 11 6 30 30 ["Noach"]
740292 37 5788 8 7 2027 11 7 30 30 []
740293 38 5788 8 8 2027 11 8 30 30 []
740294 39 5788 8 9 2027 11 9 30 30 []
740295 40 5788 8 10 2027 11 10 30 30 []
740296 41 5788 8 11 2027 11 11 30 30 []
740297 42 5788 8 12 2027 11 12 30 30 []
740298 43 5788 8 13 2027 11 13 30 30 ["Lech L\'cha"]
740299 44 5788 8 14 2027 11 14 30 30 []
740300 45 5788 8 15 2027 11 15 30 30 []
740301 46 5788 8 16 2027 11 16 30 30 []
740302 47 5788 8 17 2027 11 17 30 30 []
740303 48 5788 8 18 2027 11 18 30 30 []
740304 49 5788 8 19 2027 11 19 30 30 []
740305 50 5788 8 20 2027 11 20 30 30 ["Vayera"]
740306 51 5788 8 21 2027 11 21 30 30 []
740307 52 5788 8 22 2027 11 22 30 30 []
740308 53 5788 8 23 2027 11 23 30 30 []
740309 54 5788 8 24 2027 11 24 30 30 []
740310 55 5788 8 25 2027 11 25 30 30 []
740311 56 5788 8 26 2027 11 26 30 30 []
740312 57 5788 8 27 2027 11 27 30 30 ["Chaye Sarah"]
740313 58 5788 8 28 2027 11 28 30 30 []
740314 59 5788 8 29 2027 11 29 30 30 []
740315 60 5788 8 30 2027 11 30 30 30 []
740316 61 5788 9 1 2027 12 1 31 31 []
740317 62 5788 9 2 2027 12 2 31 31 []
740318 63 5788 9 3 2027 12 3 31 31 []
740319 64 5788 9 4 2027 12 4 31 31 ["Toldot"]
740320 65 5788 9 5 2027 12 5 31 31 []
740321 66 5788 9 6 2027 12 6 31 31 []
740322 67 5788 9 7 2027 12 7 31 31 []
740323 68 5788 9 8 2027 12 8 31 31 []
740324 69 5788 9 9 2027 12 9 31 31 []
740325 70 5788 9 10 2027 12 10 31 31 []
740326 71 5788 9 11 2027 12 11 31 31 ["Vayetze"]
740327 72 5788 9 12 2027 12 12 31 31 []
740328 73 5788 9 13 2027 12 13 31 31 []
740329 74 5788 9 14 2027 12 14 31 31 []
740330 75 5788 9 15 2027 12 15 31 31 []
740331 76 5788 9 16 2027 12 16 31 31 []
740332 77 5788 9 17 2027 12 17 31 31 []
740333 78 5788 9 18 2027 12 18 31 31 ["Vayishlach"]
740334 79 5788 9 19 2027 12 19 31 31 []
740335 80 5788 9 20 2027 12 20 31 31 []
740336 81 5788 9 21 2027 12 21 31 31 []
740337 82 5788 9 22 2027 12 22 31 31 []
740338 83 5788 9 23 2027 12 23 31 31 []
740339 84 5788 9 24 2027 12 24 31 31 ["Erev Hanukkah"]
740340 85 5788 9 25 2027 12 25 31 31 ["Hanukkah", "Vayeshev"]
740341 86 5788 9 26 2027 12 26 31 31 ["Hanukkah"]
740342 87 5788 9 27 2027 12 27 31 31 ["Hanukkah"]
740343 88 5788 9 28 2027 12 28 31 31 ["Hanukkah"]
740344 89 5788 9 29 2027 12 29 31 31 ["Hanukkah"]
740345 90 5788 9 30 2027 12 30 31 31 ["Hanukkah"]
740346 91 5788 10 1 2027 12 31 31 31 ["Hanukkah"]
740347 92 5788 10 2 2028 1 1 31 31 ["Hanukkah", "Miketz"]
740348 93 5788 10 3 2028 1 2 31 31 []
740349 94 5788 10 4 2028 1 3 31 31 []
740350 95 5788 10 5 2028 1 4 31 31 []
740351 96 5788 10 6 2028 1 5 31 31 []
740352 97 5788 10 7 2028 1 6 31 31 []
740353 98 5788 10 8 2028 1 7 31 31 []
740354 99 5788 10 9 2028 1 8 31 31 ["Vayigash"]
740355 100 5788 10 10 2028 1 9 31 31 ["Tzom Tevet"]
740356 101 5788 10 11 2028 1 10 31 31 []
740357 102 5788 10 12 2028 1 11 31 31 []
740358 103 5788 10 13 2028 1 12 31 31 []
740359 104 5788 10 14 2028 1 13 31 31 []
740360 105 5788 10 15 2028 1 14 31 31 []
740361 106 5788 10 16 2028 1 15 31 31 ["Vayechi"]
740362 107 5788 10 17 2028 1 16 31 31 []
740363 108 5788 10 18 2028 1 17 31 31 []
740364 109 5788 10 19 2028 1 18 31 31 []
740365 110 5788 10 20 2028 1 19 31 31 []
740366 111 5788 10 21 2028 1 20 31 31 []
740367 112 5788 10 22 2028 1 21 31 31 []
740368 113 5788 10 23 2028 1 22 31 31 ["Shemot"]
740369 114 5788 10 24 2028 1 23 31 31 []
740370 115 5788 10 25 2028 1 24 31 31 []
740371 116 5788 10 26 2028 1 25 31 31 []
740372 117 5788 10 27 2028 1 26 31 31 []
740373 118 5788 10 28 2028 1 27 31 31 []
740374 119 5788 10 29 2028 1 28 31 31 []
740375 120 5788 11 1 2028 1 29 31 31 ["Vaera"]
740376 121 5788 11 2 2028 1 30 31 31 []
740377 122 5788 11 3 2028 1 31 31 31 []
740378 123 5788 11 4 2028 2 1 29 29 []
740379 124 5788 11 5 2028 2 2 29 29 []
740380 125 5788 11 6 2028 2 3 29 29 []
740381 126 5788 11 7 2028 2 4 29 29 []
740382 127 5788 11 8 2028 2 5 29 29 ["Bo"]
740383 128 5788 11 9 2028 2 6 29 29 []
740384 129 5788 11 10 2028 2 7 29 29 []
740385 130 5788 11 11 2028 2 8 29 29 []
740386 131 5788 11 12 2028 2 9 29 29 []
740387 132 5788 11 13 2028 2 10 29 29 []
740388 133 5788 11 14 2028 2 11 29 29 []
740389 134 5788 11 15 2028 2 12 29 29 ["Sh. Shirah", "Tu B\'Shevat", "Beshalach"]
740390 135 5788 11 16 2028 2 13 29 29 []
740391 136 5788 11 17 2028 2 14 29 29 []
740392 137 5788 11 18 2028 2 15 29 29 []
740393 138 5788 11 19 2028 2 16 29 29 []
740394 139 5788 11 20 2028 2 17 29 29 []
740395 140 5788 11 21 2028 2 18 29 29 []
740396 141 5788 11 22 2028 2 19 29 29 ["Yitro"]
740397 142 5788 11 23 2028 2 20 29 29 []
740398 143 5788 11 24 2028 2 21 29 29 []
740399 144 5788 11 25 2028 2 22 29 29 []
740400 145 5788 11 26 2028 2 23 29 29 []
740401 146 5788 11 27 2028 2 24 29 29 []
740402 147 5788 11 28 2028 2 25 29 29 []
740403 148 5788 11 29 2028 2 26 29 29 ["Sh. Shekalim", "Mishpatim"]
740404 149 5788 11 30 2028 2 27 29 29 []
740405 150 5788 12 1 2028 2 28 29 29 []
740406 151 5788 12 2 2028 2 29 29 29 []
740407 152 5788 12 3 2028 3 1 31 31 []
740408 153 5788 12 4 2028 3 2 31 31 []
740409 154 5788 12 5 2028 3 3 31 31 []
740410 155 5788 12 6 2028 3 4 31 31 ["Terumah"]
740411 156 5788 12 7 2028 3 5 31 31 []
740412 157 5788 12 8 2028 3 6 31 31 []
740413 158 5788 12 9 2028 3 7 31 31 []
740414 159 5788 12 10 2028 3 8 31 31 []
740415 160 5788 12 11 2028 3 9 31 31 ["Ta\'anit Esther"]
740416 161 5788 12 12 2028 3 10 31 31 []
740417 162 5788 12 13 2028 3 11 31 31 ["Sh. Zachor", "Erev Purim", "Tetzaveh"]
740418 163 5788 12 14 2028 3 12 31 31 ["Purim"]
740419 164 5788 12 15 2028 3 13 31 31 ["Shushan Purim"]
740420 165 5788 12 16 2028 3 14 31 31 []
740421 166 5788 12 17 2028 3 15 31 31 []
740422 167 5788 12 18 2028 3 16 31 31 []
740423 168 5788 12 19 2028 3 17 31 31 []
740424 169 5788 12 20 2028 3 18 31 31 ["Sh. Parah", "Ki Tisa"]
740425 170 5788 12 21 2028 3 19 31 31 []
740426 171 5788 12 22 2028 3 20 31 31 []
740427 172 5788 12 23 2028 3 21 31 31 []
740428 173 5788 12 24 2028 3 22 31 31 []
740429 174 5788 12 25 2028 3 23 31 31 []
740430 175 5788 12 26 2028 3 24 31 31 []
740431 176 5788 12 27 2028 3 25 31 31 ["Sh. HaChodesh", "Vayakhel/Pekudei"]
740432 177 5788 12 28 2028 3 26 31 31 []
740433 178 5788 12 29 2028 3 27 31 31 []
740434 179 5788 1 1 2028 3 28 31 31 []
740435 180 5788 1 2 2028 3 29 31 31 []
740436 181 5788 1 3 2028 3 30 31 31 []
740437 182 5788 1 4 2028 3 31 31 31 []
740438 183 5788 1 5 2028 4 1 30 30 ["Vayikra"]
740439 184 5788 1 6 2028 4 2 30 30 []
740440 185 5788 1 7 2028 4 3 30 30 []
740441 186 5788 1 8 2028 4 4 30 30 []
740442 187 5788 1 9 2028 4 5 30 30 []
740443 188 5788 1 10 2028 4 6 30 30 []
740444 189 5788 1 11 2028 4 7 30 30 []
740445 190 5788 1 12 2028 4 8 30 30 ["Sh. HaGadol", "Tzav"]
740446 191 5788 1 13 2028 4 9 30 30 []
740447 192 5788 1 14 2028 4 10 30 30 ["Erev Pesach"]
740448 193 5788 1 15 2028 4 11 30 30 ["Pesach"]
740449 194 5788 1 16 2028 4 12 30 30 ["Pesach", "1st day Omer"] ["Chol Hamoed", "1st day Omer"]
740450 195 5788 1 17 2028 4 13 30 30 ["Chol Hamoed", "2nd day Omer"]
740451 196 5788 1 18 2028 4 14 30 30 ["Chol Hamoed", "3rd day Omer"]
740452 197 5788 1 19 2028 4 15 30 30 ["Chol Hamoed", "4th day Omer"]
740453 198 5788 1 20 2028 4 16 30 30 ["Chol Hamoed", "5th day Omer"]
740454 199 5788 1 21 2028 4 17 30 30 ["Pesach", "6th day Omer"]
740455 200 5788 1 22 2028 4 18 30 30 ["Pesach", "7th day Omer"] ["7th day Omer"]
740456 201 5788 1 23 2028 4 19 30 30 ["8th day Omer"]
740457 202 5788 1 24 2028 4 20 30 30 ["9th day Omer"]
740458 203 5788 1 25 2028 4 21 30 30 ["10th day Omer"]
740459 204 5788 1 26 2028 4 22 30 30 ["11th day Omer", "Shemini"]
740460 205 5788 1 27 2028 4 23 30 30 ["12th day Omer"]
740461 206 5788 1 28 2028 4 24 30 30 ["Yom HaShoah", "13th day Omer"]
740462 207 5788 1 29 2028 4 25 30 30 ["14th day Omer"]
740463 208 5788 1 30 2028 4 26 30 30 ["15th day Omer"]
740464 209 5788 2 1 2028 4 27 30 30 ["16th day Omer"]
740465 210 5788 2 2 2028 4 28 30 30 ["17th day Omer"]
740466 211 5788 2 3 2028 4 29 30 30 ["18th day Omer", "Tazria/Metzora"]
740467 212 5788 2 4 2028 4 30 30 30 ["19th day Omer"]
740468 213 5788 2 5 2028 5 1 31 31 ["Yom HaZikaron", "20th day Omer"]
740469 214 5788 2 6 2028 5 2 31 31 ["Yom HaAtzmaut", "21st day Omer"]
740470 215 5788 2 7 2028 5 3 31 31 ["22nd day Omer"]
740471 216 5788 2 8 2028 5 4 31 31 ["23rd day Omer"]
740472 217 5788 2 9 2028 5 5 31 31 ["24th day Omer"]
740473 218 5788 2 10 2028 5 6 31 31 ["25th day Omer", "Acharei Mot/Kedoshim"]
740474 219 5788 2 11 2028 5 7 31 31 ["26th day Omer"]
740475 220 5788 2 12 2028 5 8 31 31 ["27th day Omer"]
740476 221 5788 2 13 2028 5 9 31 31 ["28th day Omer"]
740477 222 5788 2 14 2028 5 10 31 31 ["29th day Omer"]
740478 223 5788 2 15 2028 5 11 31 31 ["30th day Omer"]
740479 224 5788 2 16 2028 5 12 31 31 ["31st day Omer"]
740480 225 5788 2 17 2028 5 13 31 31 ["32nd day Omer", "Emor"]
740481 226 5788 2 18 2028 5 14 31 31 ["Lag BaOmer"]
740482 227 5788 2 19 2028 5 15 31 31 ["34th day Omer"]
740483 228 5788 2 20 2028 5 16 31 31 ["35th day Omer"]
740484 229 5788 2 21 2028 5 17 31 31 ["36th day Omer"]
740485 230 5788 2 22 2028 5 18 31 31 ["37th day Omer"]
740486 231 5788 2 23 2028 5 19 31 31 ["38th day Omer"]
740487 232 5788 2 24 2028 5 20 31 31 ["39th day Omer", "Behar/Bechukotai"]
740488 233 5788 2 25 2028 5 21 31 31 ["40th day Omer"]
740489 234 5788 2 26 2028 5 22 31 31 ["41st day Omer"]
740490 235 5788 2 27 2028 5 23 31 31 ["42nd day Omer"]
740491 236 5788 2 28 2028 5 24 31 31 ["Yom Yerushalayim", "43rd day Omer"]
740492 237 5788 2 29 2028 5 25 31 31 ["44th day Omer"]
740493 238 5788 3 1 2028 5 26 31 31 ["45th day Omer"]
740494 239 5788 3 2 2028 5 27 31 31 ["46th day Omer", "Bemidbar"]
740495 240 5788 3 3 2028 5 28 31 31 ["47th day Omer"]
740496 241 5788 3 4 2028 5 29 31 31 ["48th day Omer"]
740497 242 5788 3 5 2028 5 30 31 31 ["Erev Shavuot", "49th day Omer"]
740498 243 5788 3 6 2028 5 31 31 31 ["Shavuot"]
740499 244 5788 3 7 2028 6 1 30 30 ["Shavuot"] []
740500 245 5788 3 8 2028 6 2 30 30 []
740501 246 5788 3 9 2028 6 3 30 30 ["Naso"]
740502 247 5788 3 10 2028 6 4 30 30 []
740503 248 5788 3 11 2028 6 5 30 30 []
740504 249 5788 3 12 2028 6 6 30 30 []
740505 250 5788 3 13 2028 6 7 30 30 []
740506 251 5788 3 14 2028 6 8 30 30 []
740507 252 5788 3 15 2028 6 9 30 30 []
740508 253 5788 3 16 2028 6 10 30 30 ["Behaalotcha"]
740509 254 5788 3 17 2028 6 11 30 30 []
740510 255 5788 3 18 2028 6 12 30 30 []
740511 256 5788 3 19 2028 6 13 30 30 []
740512 257 5788 3 20 2028 6 14 30 30 []
740513 258 5788 3 21 2028 6 15 30 30 []
740514 259 5788 3 22 2028 6 16 30 30 []
740515 260 5788 3 23 2028 6 17 30 30 ["Shelach"]
740516 261 5788 3 24 2028 6 18 30 30 []
740517 262 5788 3 25 2028 6 19 30 30 []
740518 263 5788 3 26 2028 6 20 30 30 []
740519 264 5788 3 27 2028 6 21 30 30 []
740520 265 5788 3 28 2028 6 22 30 30 []
740521 266 5788 3 29 2028 6 23 30 30 []
740522 267 5788 3 30 2028 6 24 30 30 ["Korach"]
740523 268 5788 4 1 2028 6 25 30 30 []
740524 269 5788 4 2 2028 6 26 30 30 []
740525 270 5788 4 3 2028 6 27 30 30 []
740526 271 5788 4 4 2028 6 28 30 30 []
740527 272 5788 4 5 2028 6 29 30 30 []
740528 273 5788 4 6 2028 6 30 30 30 []
740529 274 5788 4 7 2028 7 1 31 31 ["Chukat"]
740530 275 5788 4 8 2028 7 2 31 31 []
740531 276 5788 4 9 2028 7 3 31 31 []
740532 277 5788 4 10 2028 7 4 31 31 []
740533 278 5788 4 11 2028 7 5 31 31 []
740534 279 5788 4 12 2028 7 6 31 31 []
740535 280 5788 4 13 2028 7 7 31 31 []
740536 281 5788 4 14 2028 7 8 31 31 ["Balak"]
740537 282 5788 4 15 2028 7 9 31 31 []
740538 283 5788 4 16 2028 7 10 31 31 []
740539 284 5788 4 17 2028 7 11 31 31 ["Tzom Tammuz"]
740540 285 5788 4 18 2028 7 12 31 31 []
740541 286 5788 4 19 2028 7 13 31 31 []
740542 287 5788 4 20 2028 7 14 31 31 []
740543 288 5788 4 21 2028 7 15 31 31 ["Pinchas"]
740544 289 5788 4 22 2028 7 16 31 31 []
740545 290 5788 4 23 2028 7 17 31 31 []
740546 291 5788 4 24 2028 7 18 31 31 []
740547 292 5788 4 25 2028 7 19 31 31 []
740548 293 5788 4 26 2028 7 20 31 31 []
740549 294 5788 4 27 2028 7 21 31 31 []
740550 295 5788 4 28 2028 7 22 31 31 ["Matot/Masei"]
740551 296 5788 4 29 2028 7 23 31 31 []
740552 297 5788 5 1 2028 7 24 31 31 []
740553 298 5788 5 2 2028 7 25 31 31 []
740554 299 5788 5 3 2028 7 26 31 31 []
740555 300 5788 5 4 2028 7 27 31 31 []
740556 301 5788 5 5 2028 7 28 31 31 []
740557 302 5788 5 6 2028 7 29 31 31 ["Sh. Chazon", "Devarim"]
740558 303 5788 5 7 2028 7 30 31 31 []
740559 304 5788 5 8 2028 7 31 31 31 []
740560 305 5788 5 9 2028 8 1 31 31 ["Tisha B\'Av"]
740561 306 5788 5 10 2028 8 2 31 31 []
740562 307 5788 5 11 2028 8 3 31 31 []
740563 308 5788 5 12 2028 8 4 31 31 []
740564 309 5788 5 13 2028 8 5 31 31 ["Sh. Nachamu", "Vaetchanan"]
740565 310 5788 5 14 2028 8 6 31 31 []
740566 311 5788 5 15 2028 8 7 31 31 []
740567 312 5788 5 16 2028 8 8 31 31 []
740568 313 5788 5 17 2028 8 9 31 31 []
740569 314 5788 5 18 2028 8 10 31 31 []
740570 315 5788 5 19 2028 8 11 31 31 []
740571 316 5788 5 20 2028 8 12 31 31 ["Ekev"]
740572 317 5788 5 21 2028 8 13 31 31 []
740573 318 5788 5 22 2028 8 14 31 31 []
740574 319 5788 5 23 2028 8 15 31 31 []
740575 320 5788 5 24 2028 8 16 31 31 []
740576 321 5788 5 25 2028 8 17 31 31 []
740577 322 5788 5 26 2028 8 18 31 31 []
740578 323 5788 5 27 2028 8 19 31 31 ["Reeh"]
740579 324 5788 5 28 2028 8 20 31 31 []
740580 325 5788 5 29 2028 8 21 31 31 []
740581 326 5788 5 30 2028 8 22 31 31 []
740582 327 5788 6 1 2028 8 23 31 31 []
740583 328 5788 6 2 2028 8 24 31 31 []
740584 329 5788 6 3 2028 8 25 31 31 []
740585 330 5788 6 4 2028 8 26 31 31 ["Shoftim"]
740586 331 5788 6 5 2028 8 27 31 31 []
740587 332 5788 6 6 2028 8 28 31 31 []
740588 333 5788 6 7 2028 8 29 31 31 []
740589 334 5788 6 8 2028 8 30 31 31 []
740590 335 5788 6 9 2028 8 31 31 31 []
740591 336 5788 6 10 2028 9 1 30 30 []
740592 337 5788 6 11 2028 9 2 30 30 ["Ki Tetze"]
740593 338 5788 6 12 2028 9 3 30 30 []
740594 339 5788 6 13 2028 9 4 30 30 []
740595 340 5788 6 14 2028 9 5 30 30 []
740596 341 5788 6 15 2028 9 6 30 30 []
740597 342 5788 6 16 2028 9 7 30 30 []
740598 343 5788 6 17 2028 9 8 30 30 []
740599 344 5788 6 18 2028 9 9 30 30 ["Ki Tavo"]
740600 345 5788 6 19 2028 9 10 30 30 []
740601 346 5788 6 20 2028 9 11 30 30 []
740602 347 5788 6 21 2028 9 12 30 30 []
740603 348 5788 6 22 2028 9 13 30 30 []
740604 349 5788 6 23 2028 9 14 30 30 []
740605 350 5788 6 24 2028 9 15 30 30 []
740606 351 5788 6 25 2028 9 16 30 30 ["Selichot (evening)", "Nitzavim/Vayelech"]
740607 352 5788 6 26 2028 9 17 30 30 []
740608 353 5788 6 27 2028 9 18 30 30 []
740609 354 5788 6 28 2028 9 19 30 30 []
740610 355 5788 6 29 2028 9 20 30 30 ["Erev R.H."]
740611 1 5789 7 1 2028 9 21 30 30 ["Rosh Hashanah"]
740612 2 5789 7 2 2028 9 22 30 30 ["Rosh Hashanah"]
740613 3 5789 7 3 2028 9 23 30 30 ["Sh. Shuvah", "Haazinu"]
740614 4 5789 7 4 2028 9 24 30 30 ["Tzom Gedaliah"]
740615 5 5789 7 5 2028 9 25 30 30 []
740616 6 5789 7 6 2028 9 26 30 30 []
740617 7 5789 7 7 2028 9 27 30 30 []
740618 8 5789 7 8 2028 9 28 30 30 []
740619 9 5789 7 9 2028 9 29 30 30 ["Erev Y.K."]
740620 10 5789 7 10 2028 9 30 30 30 ["Yom Kippur"]
740621 11 5789 7 11 2028 10 1 31 31 []
740622 12 5789 7 12 2028 10 2 31 31 []
740623 13 5789 7 13 2028 10 3 31 31 []
740624 14 5789 7 14 2028 10 4 31 31 ["Erev Sukkot"]
740625 15 5789 7 15 2028 10 5 31 31 ["Sukkot"]
740626 16 5789 7 16 2028 10 6 31 31 ["Sukkot"] ["Chol Hamoed"]
740627 17 5789 7 17 2028 10 7 31 31 ["Chol Hamoed"]
740628 18 5789 7 18 2028 10 8 31 31 ["Chol Hamoed"]
740629 19 5789 7 19 2028 10 9 31 31 ["Chol Hamoed"]
740630 20 5789 7 20 2028 10 10 31 31 ["Chol Hamoed"]
740631 21 5789 7 21 2028 10 11 31 31 ["Hoshana Rabbah"]
740632 22 5789 7 22 2028 10 12 31 31 ["Shemini Atzeret"]
740633 23 5789 7 23 2028 10 13 31 31 ["Simchat Torah"] []
740634 24 5789 7 24 2028 10 14 31 31 ["Bereshit"]
740635 25 5789 7 25 2028 10 15 31 31 []
740636 26 5789 7 26 2028 10 16 31 31 []
740637 27 5789 7 27 2028 10 17 31 31 []
740638 28 5789 7 28 2028 10 18 31 31 []
740639 29 5789 7 29 2028 10 19 31 31 []
740640 30 5789 7 30 2028 10 20 31 31 []
740641 31 5789 8 1 2028 10 21 31 31 ["Noach"]
740642 32 5789 8 2 2028 10 22 31 31 []
740643 33 5789 8 3 2028 10 23 31 31 []
740644 34 5789 8 4 2028 10 24 31 31 []
740645 35 5789 8 5 2028 10 25 31 31 []
740646 36 5789 8 6 2028 10 26 31 31 []
740647 37 5789 8 7 2028 10 27 31 31 []
740648 38 5789 8 8 2028 10 28 31 31 ["Lech L\'cha"]
740649 39 5789 8 9 2028 10 29 31 31 []
740650 40 5789 8 10 2028 10 30 31 31 []
740651 41 5789 8 11 2028 10 31 31 31 []
740652 42 5789 8 12 2028 11 1 30 30 []
740653 43 5789 8 13 2028 11 2 30 30 []
740654 44 5789 8 14 2028 11 3 30 30 []
740655 45 5789 8 15 2028 11 4 30 30 ["Vayera"]
740656 46 5789 8 16 2028 11 5 30 30 []
740657 47 5789 8 17 2028 11 6 30 30 []
740658 48 5789 8 18 2028 11 7 30 30 []
740659 49 5789 8 19 2028 11 8 30 30 []
740660 50 5789 8 20 2028 11 9 30 30 []
740661 51 5789 8 21 2028 11 10 30 30 []
740662 52 5789 8 22 2028 11 11 30 30 ["Chaye Sarah"]
740663 53 5789 8 23 2028 11 12 30 30 []
740664 54 5789 8 24 2028 11 13 30 30 []
740665 55 5789 8 25 2028 11 14 30 30 []
740666 56 5789 8 26 2028 11 15 30 30 []
740667 57 5789 8 27 2028 11 16 30 30 []
740668 58 5789 8 28 2028 11 17 30 30 []
740669 59 5789 8 29 2028 11 18 30 30 ["Toldot"]
740670 60 5789 9 1 2028 11 19 30 30 []
740671 61 5789 9 2 2028 11 20 30 30 []
740672 62 5789 9 3 2028 11 21 30 30 []
740673 63 5789 9 4 2028 11 22 30 30 []
740674 64 5789 9 5 2028 11 23 30 30 []
740675 65 5789 9 6 2028 11 24 30 30 []
740676 66 5789 9 7 2028 11 25 30 30 ["Vayetze"]
740677 67 5789 9 8 2028 11 26 30 30 []
740678 68 5789 9 9 2028 11 27 30 30 []
740679 69 5789 9 10 2028 11 28 30 30 []
740680 70 5789 9 11 2028 11 29 30 30 []
740681 71 5789 9 12 2028 11 30 30 30 []
740682 72 5789 9 13 2028 12 1 31 31 []
740683 73 5789 9 14 2028 12 2 31 31 ["Vayishlach"]
740684 74 5789 9 15 2028 12 3 31 31 []
740685 75 5789 9 16 2028 12 4 31 31 []
740686 76 5789 9 17 2028 12 5 31 31 []
740687 77 5789 9 18 2028 12 6 31 31 []
740688 78 5789 9 19 2028 12 7 31 31 []
740689 79 5789 9 20 2028 12 8 31 31 []
740690 80 5789 9 21 2028 12 9 31 31 ["Vayeshev"]
740691 81 5789 9 22 2028 12 10 31 31 []
740692 82 5789 9 23 2028 12 11 31 31 []
740693 83 5789 9 24 2028 12 12 31 31 ["Erev Hanukkah"]
740694 84 5789 9 25 2028 12 13 31 31 ["Hanukkah"]
740695 85 5789 9 26 2028 12 14 31 31 ["Hanukkah"]
740696 86 5789 9 27 2028 12 15 31 31 ["Hanukkah"]
740697 87 5789 9 28 2028 12 16 31 31 ["Hanukkah", "Miketz"]
740698 88 5789 9 29 2028 12 17 31 31 ["Hanukkah"]
740699 89 5789 9 30 2028 12 18 31 31 ["Hanukkah"]
740700 90 5789 10 1 2028 12 19 31 31 ["Hanukkah"]
740701 91 5789 10 2 2028 12 20 31 31 ["Hanukkah"]
740702 92 5789 10 3 2028 12 21 31 31 []
740703 93 5789 10 4 2028 12 22 31 31 []
740704 94 5789 10 5 2028 12 23 31 31 ["Vayigash"]
740705 95 5789 10 6 2028 12 24 31 31 []
740706 96 5789 10 7 2028 12 25 31 31 []
740707 97 5789 10 8 2028 12 26 31 31 []
740708 98 5789 10 9 2028 12 27 31 31 []
740709 99 5789 10 10 2028 12 28 31 31 ["Tzom Tevet"]
740710 100 5789 10 11 2028 12 29 31 31 []
740711 101 5789 10 12 2028 12 30 31 31 ["Vayechi"]
740712 102 5789 10 13 2028 12 31 31 31 []
740713 103 5789 10 14 2029 1 1 31 31 []
740714 104 5789 10 15 2029 1 2 31 31 []
740715 105 5789 10 16 2029 1 3 31 31 []
740716 106 5789 10 17 2029 1 4 31 31 []
740717 107 5789 10 18 2029 1 5 31 31 []
740718 108 5789 10 19 2029 1 6 31 31 ["Shemot"]
740719 109 5789 10 20 2029 1 7 31 31 []
740720 110 5789 10 21 2029 1 8 31 31 []
740721 111 5789 10 22 2029 1 9 31 31 []
740722 112 5789 10 23 2029 1 10 31 31 []
740723 113 5789 10 24 2029 1 11 31 31 []
740724 114 5789 10 25 2029 1 12 31 31 []
740725 115 5789 10 26 2029 1 13 31 31 ["Vaera"]
740726 116 5789 10 27 2029 1 14 31 31 []
740727 117 5789 10 28 2029 1 15 31 31 []
740728 118 5789 10 29 2029 1 16 31 31 []
740729 119 5789 11 1 2029 1 17 31 31 []
740730 120 5789 11 2 2029 1 18 31 31 []
740731 121 5789 11 3 2029 1 19 31 31 []
740732 122 5789 11 4 2029 1 20 31 31 ["Bo"]
740733 123 5789 11 5 2029 1 21 31 31 []
740734 124 5789 11 6 2029 1 22 31 31 []
740735 125 5789 11 7 2029 1 23 31 31 []
740736 126 5789 11 8 2029 1 24 31 31 []
740737 127 5789 11 9 2029 1 25 31 31 []
740738 128 5789 11 10 2029 1 26 31 31 []
740739 129 5789 11 11 2029 1 27 31 31 ["Sh. Shirah", "Beshalach"]
740740 130 5789 11 12 2029 1 28 31 31 []
740741 131 5789 11 13 2029 1 29 31 31 []
740742 132 5789 11 14 2029 1 30 31 31 []
740743 133 5789 11 15 2029 1 31 31 31 ["Tu B\'Shevat"]
740744 134 5789 11 16 2029 2 1 28 28 []
740745 135 5789 11 17 2029 2 2 28 28 []
740746 136 5789 11 18 2029 2 3 28 28 ["Yitro"]
740747 137 5789 11 19 2029 2 4 28 28 []
740748 138 5789 11 20 2029 2 5 28 28 []
740749 139 5789 11 21 2029 2 6 28 28 []
740750 140 5789 11 22 2029 2 7 28 28 []
740751 141 5789 11 23 2029 2 8 28 28 []
740752 142 5789 11 24 2029 2 9 28 28 []
740753 143 5789 11 25 2029 2 10 28 28 ["Sh. Shekalim", "Mishpatim"]
740754 144 5789 11 26 2029 2 11 28 28 []
740755 145 5789 11 27 2029 2 12 28 28 []
740756 146 5789 11 28 2029 2 13 28 28 []
740757 147 5789 11 29 2029 2 14 28 28 []
740758 148 5789 11 30 2029 2 15 28 28 []
740759 149 5789 12 1 2029 2 16 28 28 []
740760 150 5789 12 2 2029 2 17 28 28 ["Terumah"]
740761 151 5789 12 3 2029 2 18 28 28 []
740762 152 5789 12 4 2029 2 19 28 28 []
740763 153 5789 12 5 2029 2 20 28 28 []
740764 154 5789 12 6 2029 2 21 28 28 []
740765 155 5789 12 7 2029 2 22 28 28 []
740766 156 5789 12 8 2029 2 23 28 28 []
740767 157 5789 12 9 2029 2 24 28 28 ["Sh. Zachor", "Tetzaveh"]
740768 158 5789 12 10 2029 2 25 28 28 []
740769 159 5789 12 11 2029 2 26 28 28 []
740770 160 5789 12 12 2029 2 27 28 28 []
740771 161 5789 12 13 2029 2 28 28 28 ["Ta\'anit Esther", "Erev Purim"]
740772 162 5789 12 14 2029 3 1 31 31 ["Purim"]
740773 163 5789 12 15 2029 3 2 31 31 ["Shushan Purim"]
740774 164 5789 12 16 2029 3 3 31 31 ["Ki Tisa"]
740775 165 5789 12 17 2029 3 4 31 31 []
740776 166 5789 12 18 2029 3 5 31 31 []
740777 167 5789 12 19 2029 3 6 31 31 []
740778 168 5789 12 20 2029 3 7 31 31 []
740779 169 5789 12 21 2029 3 8 31 31 []
740780 170 5789 12 22 2029 3 9 31 31 []
740781 171 5789 12 23 2029 3 10 31 31 ["Sh. Parah", "Vayakhel/Pekudei"]
740782 172 5789 12 24 2029 3 11 31 31 []
740783 173 5789 12 25 2029 3 12 31 31 []
740784 174 5789 12 26 2029 3 13 31 31 []
740785 175 5789 12 27 2029 3 14 31 31 []
740786 176 5789 12 28 2029 3 15 31 31 []
740787 177 5789 12 29 2029 3 16 31 31 []
740788 178 5789 1 1 2029 3 17 31 31 ["Sh. HaChodesh", "Vayikra"]
740789 179 5789 1 2 2029 3 18 31 31 []
740790 180 5789 1 3 2029 3 19 31 31 []
740791 181 5789 1 4 2029 3 20 31 31 []
740792 182 5789 1 5 2029 3 21 31 31 []
740793 183 5789 1 6 2029 3 22 31 31 []
740794 184 5789 1 7 2029 3 23 31 31 []
740795 185 5789 1 8 2029 3 24 31 31 ["Sh. HaGadol", "Tzav"]
740796 186 5789 1 9 2029 3 25 31 31 []
740797 187 5789 1 10 2029 3 26 31 31 []
740798 188 5789 1 11 2029 3 27 31 31 []
740799 189 5789 1 12 2029 3 28 31 31 []
740800 190 5789 1 13 2029 3 29 31 31 []
740801 191 5789 1 14 2029 3 30 31 31 ["Erev Pesach"]
740802 192 5789 1 15 2029 3 31 31 31 ["Pesach"]
740803 193 5789 1 16 2029 4 1 30 30 ["Pesach", "1st day Omer"] ["Chol Hamoed", "1st day Omer"]
740804 194 5789 1 17 2029 4 2 30 30 ["Chol Hamoed", "2nd day Omer"]
740805 195 5789 1 18 2029 4 3 30 30 ["Chol Hamoed", "3rd day Omer"]
740806 196 5789 1 19 2029 4 4 30 30 ["Chol Hamoed", "4th day Omer"]
740807 197 5789 1 20 2029 4 5 30 30 ["Chol Hamoed", "5th day Omer"]
740808 198 5789 1 21 2029 4 6 30 30 ["Pesach", "6th day Omer"]
740809 199 5789 1 22 2029 4 7 30 30 ["Pesach", "7th day Omer"] ["7th day Omer", "Shemini"]
740810 200 5789 1 23 2029 4 8 30 30 ["8th day Omer"]
740811 201 5789 1 24 2029 4 9 30 30 ["9th day Omer"]
740812 202 5789 1 25 2029 4 10 30 30 ["10th day Omer"]
740813 203 5789 1 26 2029 4 11 30 30 ["11th day Omer"]
740814 204 5789 1 27 2029 4 12 30 30 ["Yom HaShoah", "12th day Omer"]
740815 205 5789 1 28 2029 4 13 30 30 ["13th day Omer"]
740816 206 5789 1 29 2029 4 14 30 30 ["14th day Omer", "Shemini"] ["14th day Omer", "Tazria/Metzora"]
740817 207 5789 1 30 2029 4 15 30 30 ["15th day Omer"]
740818 208 5789 2 1 2029 4 16 30 30 ["16th day Omer"]
740819 209 5789 2 2 2029 4 17 30 30 ["17th day Omer"]
740820 210 5789 2 3 2029 4 18 30 30 ["Yom HaZikaron", "18th day Omer"]
740821 211 5789 2 4 2029 4 19 30 30 ["Yom HaAtzmaut", "19th day Omer"]
740822 212 5789 2 5 2029 4 20 30 30 ["20th day Omer"]
740823 213 5789 2 6 2029 4 21 30 30 ["21st day Omer", "Tazria/Metzora"] ["21st day Omer", "Acharei Mot/Kedoshim"]
740824 214 5789 2 7 2029 4 22 30 30 ["22nd day Omer"]
740825 215 5789 2 8 2029 4 23 30 30 ["23rd day Omer"]
740826 216 5789 2 9 2029 4 24 30 30 ["24th day Omer"]
740827 217 5789 2 10 2029 4 25 30 30 ["25th day Omer"]
740828 218 5789 2 11 2029 4 26 30 30 ["26th day Omer"]
740829 219 5789 2 12 2029 4 27 30 30 ["27th day Omer"]
740830 220 5789 2 13 2029 4 28 30 30 ["28th day Omer", "Acharei Mot/Kedoshim"] ["28th day Omer", "Emor"]
740831 221 5789 2 14 2029 4 29 30 30 ["29th day Omer"]
740832 222 5789 2 15 2029 4 30 30 30 ["30th day Omer"]
740833 223 5789 2 16 2029 5 1 31 31 ["31st day Omer"]
740834 224 5789 2 17 2029 5 2 31 31 ["32nd day Omer"]
740835 225 5789 2 18 2029 5 3 31 31 ["Lag BaOmer"]
740836 226 5789 2 19 2029 5 4 31 31 ["34th day Omer"]
740837 227 5789 2 20 2029 5 5 31 31 ["35th day Omer", "Emor"] ["35th day Omer", "Behar"]
740838 228 5789 2 21 2029 5 6 31 31 ["36th day Omer"]
740839 229 5789 2 22 2029 5 7 31 31 ["37th day Omer"]
740840 230 5789 2 23 2029 5 8 31 31 ["38th day Omer"]
740841 231 5789 2 24 2029 5 9 31 31 ["39th day Omer"]
740842 232 5789 2 25 2029 5 10 31 31 ["40th day Omer"]
740843 233 5789 2 26 2029 5 11 31 31 ["41st day Omer"]
740844 234 5789 2 27 2029 5 12 31 31 ["42nd day Omer", "Behar/Bechukotai"] ["42nd day Omer", "Bechukotai"]
740845 235 5789 2 28 2029 5 13 31 31 ["Yom Yerushalayim", "43rd day Omer"]
740846 236 5789 2 29 2029 5 14 31 31 ["44th day Omer"]
740847 237 5789 3 1 2029 5 15 31 31 ["45th day Omer"]
740848 238 5789 3 2 2029 5 16 31 31 ["46th day Omer"]
740849 239 5789 3 3 2029 5 17 31 31 ["47th day Omer"]
740850 240 5789 3 4 2029 5 18 31 31 ["48th day Omer"]
740851 241 5789 3 5 2029 5 19 31 31 ["Erev Shavuot", "49th day Omer", "Bemidbar"]
740852 242 5789 3 6 2029 5 20 31 31 ["Shavuot"]
740853 243 5789 3 7 2029 5 21 31 31 ["Shavuot"] []
740854 244 5789 3 8 2029 5 22 31 31 []
740855 245 5789 3 9 2029 5 23 31 31 []
740856 246 5789 3 10 2029 5 24 31 31 []
740857 247 5789 3 11 2029 5 25 31 31 []
740858 248 5789 3 12 2029 5 26 31 31 ["Naso"]
740859 249 5789 3 13 2029 5 27 31 31 []
740860 250 5789 3 14 2029 5 28 31 31 []
740861 251 5789 3 15 2029 5 29 31 31 []
740862 252 5789 3 16 2029 5 30 31 31 []
740863 253 5789 3 17 2029 5 31 31 31 []
740864 254 5789 3 18 2029 6 1 30 30 []
740865 255 5789 3 19 2029 6 2 30 30 ["Behaalotcha"]
740866 256 5789 3 20 2029 6 3 30 30 []
740867 257 5789 3 21 2029 6 4 30 30 []
740868 258 5789 3 22 2029 6 5 30 30 []
740869 259 5789 3 23 2029 6 6 30 30 []
740870 260 5789 3 24 2029 6 7 30 30 []
740871 261 5789 3 25 2029 6 8 30 30 []
740872 262 5789 3 26 2029 6 9 30 30 ["Shelach"]
740873 263 5789 3 27 2029 6 10 30 30 []
740874 264 5789 3 28 2029 6 11 30 30 []
740875 265 5789 3 29 2029 6 12 30 30 []
740876 266 5789 3 30 2029 6 13 30 30 []
740877 267 5789 4 1 2029 6 14 30 30 []
740878 268 5789 4 2 2029 6 15 30 30 []
740879 269 5789 4 3 2029 6 16 30 30 ["Korach"]
740880 270 5789 4 4 2029 6 17 30 30 []
740881 271 5789 4 5 2029 6 18 30 30 []
740882 272 5789 4 6 2029 6 19 30 30 []
740883 273 5789 4 7 2029 6 20 30 30 []
740884 274 5789 4 8 2029 6 21 30 30 []
740885 275 5789 4 9 2029 6 22 30 30 []
740886 276 5789 4 10 2029 6 23 30 30 ["Chukat"]
740887 277 5789 4 11 2029 6 24 30 30 []
740888 278 5789 4 12 2029 6 25 30 30 []
740889 279 5789 4 13 2029 6 26 30 30 []
740890 280 5789 4 14 2029 6 27 30 30 []
740891 281 5789 4 15 2029 6 28 30 30 []
740892 282 5789 4 16 2029 6 29 30 30 []
740893 283 5789 4 17 2029 6 30 30 30 ["Balak"]
740894 284 5789 4 18 2029 7 1 31 31 ["Tzom Tammuz"]
740895 285 5789 4 19 2029 7 2 31 31 []
740896 286 5789 4 20 2029 7 3 31 31 []
740897 287 5789 4 21 2029 7 4 31 31 []
740898 288 5789 4 22 2029 7 5 31 31 []
740899 289 5789 4 23 2029 7 6 31 31 []
740900 290 5789 4 24 2029 7 7 31 31 ["Pinchas"]
740901 291 5789 4 25 2029 7 8 31 31 []
740902 292 5789 4 26 2029 7 9 31 31 []
740903 293 5789 4 27 2029 7 10 31 31 []
740904 294 5789 4 28 2029 7 11 31 31 []
740905 295 5789 4 29 2029 7 12 31 31 []
740906 296 5789 5 1 2029 7 13 31 31 []
740907 297 5789 5 2 2029 7 14 31 31 ["Matot/Masei"]
740908 298 5789 5 3 2029 7 15 31 31 []
740909 299 5789 5 4 2029 7 16 31 31 []
740910 300 5789 5 5 2029 7 17 31 31 []
740911 301 5789 5 6 2029 7 18 31 31 []
740912 302 5789 5 7 2029 7 19 31 31 []
740913 303 5789 5 8 2029 7 20 31 31 []
740914 304 5789 5 9 2029 7 21 31 31 ["Sh. Chazon", "Devarim"]
740915 305 5789 5 10 2029 7 22 31 31 ["Tisha B\'Av"]
740916 306 5789 5 11 2029 7 23 31 31 []
740917 307 5789 5 12 2029 7 24 31 31 []
740918 308 5789 5 13 2029 7 25 31 31 []
740919 309 5789 5 14 2029 7 26 31 31 []
740920 310 5789 5 15 2029 7 27 31 31 []
740921 311 5789 5 16 2029 7 28 31 31 ["Sh. Nachamu", "Vaetchanan"]
740922 312 5789 5 17 2029 7 29 31 31 []
740923 313 5789 5 18 2029 7 30 31 31 []
740924 314 5789 5 19 2029 7 31 31 31 []
740925 315 5789 5 20 2029 8 1 31 31 []
740926 316 5789 5 21 2029 8 2 31 31 []
740927 317 5789 5 22 2029 8 3 31 31 []
740928 318 5789 5 23 2029 8 4 31 31 ["Ekev"]
740929 319 5789 5 24 2029 8 5 31 31 []
740930 320 5789 5 25 2029 8 6 31 31 []
740931 321 5789 5 26 2029 8 7 31 31 []
740932 322 5789 5 27 2029 8 8 31 31 []
740933 323 5789 5 28 2029 8 9 31 31 []
740934 324 5789 5 29 2029 8 10 31 31 []
740935 325 5789 5 30 2029 8 11 31 31 ["Reeh"]
740936 326 5789 6 1 2029 8 12 31 31 []
740937 327 5789 6 2 2029 8 13 31 31 []
740938 328 5789 6 3 2029 8 14 31 31 []
740939 329 5789 6 4 2029 8 15 31 31 []
740940 330 5789 6 5 2029 8 16 31 31 []
740941 331 5789 6 6 2029 8 17 31 31 []
740942 332 5789 6 7 2029 8 18 31 31 ["Shoftim"]
740943 333 5789 6 8 2029 8 19 31 31 []
740944 334 5789 6 9 2029 8 20 31 31 []
740945 335 5789 6 10 2029 8 21 31 31 []
740946 336 5789 6 11 2029 8 22 31 31 []
740947 337 5789 6 12 2029 8 23 31 31 []
740948 338 5789 6 13 2029 8 24 31 31 []
740949 339 5789 6 14 2029 8 25 31 31 ["Ki Tetze"]
740950 340 5789 6 15 2029 8 26 31 31 []
740951 341 5789 6 16 2029 8 27 31 31 []
740952 342 5789 6 17 2029 8 28 31 31 []
740953 343 5789 6 18 2029 8 29 31 31 []
740954 344 5789 6 19 2029 8 30 31 31 []
740955 345 5789 6 20 2029 8 31 31 31 []
740956 346 5789 6 21 2029 9 1 30 30 ["Selichot (evening)", "Ki Tavo"]
740957 347 5789 6 22 2029 9 2 30 30 []
740958 348 5789 6 23 2029 9 3 30 30 []
740959 349 5789 6 24 2029 9 4 30 30 []
740960 350 5789 6 25 2029 9 5 30 30 []
740961 351 5789 6 26 2029 9 6 30 30 []
740962 352 5789 6 27 2029 9 7 30 30 []
740963 353 5789 6 28 2029 9 8 30 30 ["Nitzavim"]
740964 354 5789 6 29 2029 9 9 30 30 ["Erev R.H."]
740965 1 5790 7 1 2029 9 10 30 30 ["Rosh Hashanah"]
740966 2 5790 7 2 2029 9 11 30 30 ["Rosh Hashanah"]
740967 3 5790 7 3 2029 9 12 30 30 ["Tzom Gedaliah"]
740968 4 5790 7 4 2029 9 13 30 30 []
740969 5 5790 7 5 2029 9 14 30 30 []
740970 6 5790 7 6 2029 9 15 30 30 ["Sh. Shuvah", "Vayelech"]
740971 7 5790 7 7 2029 9 16 30 30 []
740972 8 5790 7 8 2029 9 17 30 30 []
740973 9 5790 7 9 2029 9 18 30 30 ["Erev Y.K."]
740974 10 5790 7 10 2029 9 19 30 30 ["Yom Kippur"]
740975 11 5790 7 11 2029 9 20 30 30 []
740976 12 5790 7 12 2029 9 21 30 30 []
740977 13 5790 7 13 2029 9 22 30 30 ["Haazinu"]
740978 14 5790 7 14 2029 9 23 30 30 ["Erev Sukkot"]
740979 15 5790 7 15 2029 9 24 30 30 ["Sukkot"]
740980 16 5790 7 16 2029 9 25 30 30 ["Sukkot"] ["Chol Hamoed"]
740981 17 5790 7 17 2029 9 26 30 30 ["Chol Hamoed"]
740982 18 5790 7 18 2029 9 27 30 30 ["Chol Hamoed"]
740983 19 5790 7 19 2029 9 28 30 30 ["Chol Hamoed"]
740984 20 5790 7 20 2029 9 29 30 30 ["Chol Hamoed"]
740985 21 5790 7 21 2029 9 30 30 30 ["Hoshana Rabbah"]
740986 22 5790 7 22 2029 10 1 31 31 ["Shemini Atzeret"]
740987 23 5790 7 23 2029 10 2 31 31 ["Simchat Torah"] []
740988 24 5790 7 24 2029 10 3 31 31 []
740989 25 5790 7 25 2029 10 4 31 31 []
740990 26 5790 7 26 2029 10 5 31 31 []
740991 27 5790 7 27 2029 10 6 31 31 ["Bereshit"]
740992 28 5790 7 28 2029 10 7 31 31 []
740993 29 5790 7 29 2029 10 8 31 31 []
740994 30 5790 7 30 2029 10 9 31 31 []
740995 31 5790 8 1 2029 10 10 31 31 []
740996 32 5790 8 2 2029 10 11 31 31 []
740997 33 5790 8 3 2029 10 12 31 31 []
740998 34 5790 8 4 2029 10 13 31 31 ["Noach"]
740999 35 5790 8 5 2029 10 14 31 31 []
741000 36 5790 8 6 2029 10 15 31 31 []
741001 37 5790 8 7 2029 10 16 31 31 []
741002 38 5790 8 8 2029 10 17 31 31 []
741003 39 5790 8 9 2029 10 18 31 31 []
741004 40 5790 8 10 2029 10 19 31 31 []
741005 41 5790 8 11 2029 10 20 31 31 ["Lech L\'cha"]
741006 42 5790 8 12 2029 10 21 31 31 []
741007 43 5790 8 13 2029 10 22 31 31 []
741008 44 5790 8 14 2029 10 23 31 31 []
741009 45 5790 8 15 2029 10 24 31 31 []
741010 46 5790 8 16 2029 10 25 31 31 []
741011 47 5790 8 17 2029 10 26 31 31 []
741012 48 5790 8 18 2029 10 27 31 31 ["Vayera"]
741013 49 5790 8 19 2029 10 28 31 31 []
741014 50 5790 8 20 2029 10 29 31 31 []
741015 51 5790 8 21 2029 10 30 31 31 []
741016 52 5790 8 22 2029 10 31 31 31 []
741017 53 5790 8 23 2029 11 1 30 30 []
741018 54 5790 8 24 2029 11 2 30 30 []
741019 55 5790 8 25 2029 11 3 30 30 ["Chaye Sarah"]
741020 56 5790 8 26 2029 11 4 30 30 []
741021 57 5790 8 27 2029 11 5 30 30 []
741022 58 5790 8 28 2029 11 6 30 30 []
741023 59 5790 8 29 2029 11 7 30 30 []
741024 60 5790 9 1 2029 11 8 30 30 []
741025 61 5790 9 2 2029 11 9 30 30 []
741026 62 5790 9 3 2029 11 10 30 30 ["Toldot"]
741027 63 5790 9 4 2029 11 11 30 30 []
741028 64 5790 9 5 2029 11 12 30 30 []
741029 65 5790 9 6 2029 11 13 30 30 []
741030 66 5790 9 7 2029 11 14 30 30 []
741031 67 5790 9 8 2029 11 15 30 30 []
741032 68 5790 9 9 2029 11 16 30 30 []
741033 69 5790 9 10 2029 11 17 30 30 ["Vayetze"]
741034 70 5790 9 11 2029 11 18 30 30 []
741035 71 5790 9 12 2029 11 19 30 30 []
741036 72 5790 9 13 2029 11 20 30 30 []
741037 73 5790 9 14 2029 11 21 30 30 []
741038 74 5790 9 15 2029 11 22 30 30 []
741039 75 5790 9 16 2029 11 23 30 30 []
741040 76 5790 9 17 2029 11 24 30 30 ["Vayishlach"]
741041 77 5790 9 18 2029 11 25 30 30 []
741042 78 5790 9 19 2029 11 26 30 30 []
741043 79 5790 9 20 2029 11 27 30 30 []
741044 80 5790 9 21 2029 11 28 30 30 []
741045 81 5790 9 22 2029 11 29 30 30 []
741046 82 5790 9 23 2029 11 30 30 30 []
741047 83 5790 9 24 2029 12 1 31 31 ["Erev Hanukkah", "Vayeshev"]
741048 84 5790 9 25 2029 12 2 31 31 ["Hanukkah"]
741049 85 5790 9 26 2029 12 3 31 31 ["Hanukkah"]
741050 86 5790 9 27 2029 12 4 31 31 ["Hanukkah"]
741051 87 5790 9 28 2029 12 5 31 31 ["Hanukkah"]
741052 88 5790 9 29 2029 12 6 31 31 ["Hanukkah"]
741053 89 5790 10 1 2029 12 7 31 31 ["Hanukkah"]
741054 90 5790 10 2 2029 12 8 31 31 ["Hanukkah", "Miketz"]
741055 91 5790 10 3 2029 12 9 31 31 ["Hanukkah"]
741056 92 5790 10 4 2029 12 10 31 31 []
741057 93 5790 10 5 2029 12 11 31 31 []
741058 94 5790 10 6 2029 12 12 31 31 []
741059 95 5790 10 7 2029 12 13 31 31 []
741060 96 5790 10 8 2029 12 14 31 31 []
741061 97 5790 10 9 2029 12 15 31 31 ["Vayigash"]
741062 98 5790 10 10 2029 12 16 31 31 ["Tzom Tevet"]
741063 99 5790 10 11 2029 12 17 31 31 []
741064 100 5790 10 12 2029 12 18 31 31 []
741065 101 5790 10 13 2029 12 19 31 31 []
741066 102 5790 10 14 2029 12 20 31 31 []
741067 103 5790 10 15 2029 12 21 31 31 []
741068 104 5790 10 16 2029 12 22 31 31 ["Vayechi"]
741069 105 5790 10 17 2029 12 23 31 31 []
741070 106 5790 10 18 2029 12 24 31 31 []
741071 107 5790 10 19 2029 12 25 31 31 []
741072 108 5790 10 20 2029 12 26 31 31 []
741073 109 5790 10 21 2029 12 27 31 31 []
741074 110 5790 10 22 2029 12 28 31 31 []
741075 111 5790 10 23 2029 12 29 31 31 ["Shemot"]
741076 112 5790 10 24 2029 12 30 31 31 []
741077 113 5790 10 25 2029 12 31 31 31 []
741078 114 5790 10 26 2030 1 1 31 31 []
741079 115 5790 10 27 2030 1 2 31 31 []
741080 116 5790 10 28 2030 1 3 31 31 []
741081 117 5790 10 29 2030 1 4 31 31 []
741082 118 5790 11 1 2030 1 5 31 31 ["Vaera"]
741083 119 5790 11 2 2030 1 6 31 31 []
741084 120 5790 11 3 2030 1 7 31 31 []
741085 121 5790 11 4 2030 1 8 31 31 []
741086 122 5790 11 5 2030 1 9 31 31 []
741087 123 5790 11 6 2030 1 10 31 31 []
741088 124 5790 11 7 2030 1 11 31 31 []
741089 125 5790 11 8 2030 1 12 31 31 ["Bo"]
741090 126 5790 11 9 2030 1 13 31 31 []
741091 127 5790 11 10 2030 1 14 31 31 []
741092 128 5790 11 11 2030 1 15 31 31 []
741093 129 5790 11 12 2030 1 16 31 31 []
741094 130 5790 11 13 2030 1 17 31 31 []
741095 131 5790 11 14 2030 1 18 31 31 []
741096 132 5790 11 15 2030 1 19 31 31 ["Sh. Shirah", "Tu B\'Shevat", "Beshalach"]
741097 133 5790 11 16 2030 1 20 31 31 []
741098 134 5790 11 17 2030 1 21 31 31 []
741099 135 5790 11 18 2030 1 22 31 31 []
741100 136 5790 11 19 2030 1 23 31 31 []
741101 137 5790 11 20 2030 1 24 31 31 []
741102 138 5790 11 21 2030 1 25 31 31 []
741103 139 5790 11 22 2030 1 26 31 31 ["Yitro"]
741104 140 5790 11 23 2030 1 27 31 31 []
741105 141 5790 11 24 2030 1 28 31 31 []
741106 142 5790 11 25 2030 1 29 31 31 []
741107 143 5790 11 26 2030 1 30 31 31 []
741108 144 5790 11 27 2030 1 31 31 31 []
741109 145 5790 11 28 2030 2 1 28 28 []
741110 146 5790 11 29 2030 2 2 28 28 ["Mishpatim"]
741111 147 5790 11 30 2030 2 3 28 28 []
741112 148 5790 12 1 2030 2 4 28 28 []
741113 149 5790 12 2 2030 2 5 28 28 []
741114 150 5790 12 3 2030 2 6 28 28 []
741115 151 5790 12 4 2030 2 7 28 28 []
741116 152 5790 12 5 2030 2 8 28 28 []
741117 153 5790 12 6 2030 2 9 28 28 ["Terumah"]
741118 154 5790 12 7 2030 2 10 28 28 []
741119 155 5790 12 8 2030 2 11 28 28 []
741120 156 5790 12 9 2030 2 12 28 28 []
741121 157 5790 12 10 2030 2 13 28 28 []
741122 158 5790 12 11 2030 2 14 28 28 []
741123 159 5790 12 12 2030 2 15 28 28 []
741124 160 5790 12 13 2030 2 16 28 28 ["Tetzaveh"]
741125 161 5790 12 14 2030 2 17 28 28 ["Purim Katan"]
741126 162 5790 12 15 2030 2 18 28 28 []
741127 163 5790 12 16 2030 2 19 28 28 []
741128 164 5790 12 17 2030 2 20 28 28 []
741129 165 5790 12 18 2030 2 21 28 28 []
741130 166 5790 12 19 2030 2 22 28 28 []
741131 167 5790 12 20 2030 2 23 28 28 ["Ki Tisa"]
741132 168 5790 12 21 2030 2 24 28 28 []
741133 169 5790 12 22 2030 2 25 28 28 []
741134 170 5790 12 23 2030 2 26 28 28 []
741135 171 5790 12 24 2030 2 27 28 28 []
741136 172 5790 12 25 2030 2 28 28 28 []
741137 173 5790 12 26 2030 3 1 31 31 []
741138 174 5790 12 27 2030 3 2 31 31 ["Sh. Shekalim", "Vayakhel"]
741139 175 5790 12 28 2030 3 3 31 31 []
741140 176 5790 12 29 2030 3 4 31 31 []
741141 177 5790 12 30 2030 3 5 31 31 []
741142 178 5790 13 1 2030 3 6 31 31 []
741143 179 5790 13 2 2030 3 7 31 31 []
741144 180 5790 13 3 2030 3 8 31 31 []
741145 181 5790 13 4 2030 3 9 31 31 ["Pekudei"]
741146 182 5790 13 5 2030 3 10 31 31 []
741147 183 5790 13 6 2030 3 11 31 31 []
741148 184 5790 13 7 2030 3 12 31 31 []
741149 185 5790 13 8 2030 3 13 31 31 []
741150 186 5790 13 9 2030 3 14 31 31 []
741151 187 5790 13 10 2030 3 15 31 31 []
741152 188 5790 13 11 2030 3 16 31 31 ["Sh. Zachor", "Vayikra"]
741153 189 5790 13 12 2030 3 17 31 31 []
741154 190 5790 13 13 2030 3 18 31 31 ["Ta\'anit Esther", "Erev Purim"]
741155 191 5790 13 14 2030 3 19 31 31 ["Purim"]
741156 192 5790 13 15 2030 3 20 31 31 ["Shushan Purim"]
741157 193 5790 13 16 2030 3 21 31 31 []
741158 194 5790 13 17 2030 3 22 31 31 []
741159 195 5790 13 18 2030 3 23 31 31 ["Sh. Parah", "Tzav"]
741160 196 5790 13 19 2030 3 24 31 31 []
741161 197 5790 13 20 2030 3 25 31 31 []
741162 198 5790 13 21 2030 3 26 31 31 []
741163 199 5790 13 22 2030 3 27 31 31 []
741164 200 5790 13 23 2030 3 28 31 31 []
741165 201 5790 13 24 2030 3 29 31 31 []
741166 202 5790 13 25 2030 3 30 31 31 ["Sh. HaChodesh", "Shemini"]
741167 203 5790 13 26 2030 3 31 31 31 []
741168 204 5790 13 27 2030 4 1 30 30 []
741169 205 5790 13 28 2030 4 2 30 30 []
741170 206 5790 13 29 2030 4 3 30 30 []
741171 207 5790 1 1 2030 4 4 30 30 []
741172 208 5790 1 2 2030 4 5 30 30 []
741173 209 5790 1 3 2030 4 6 30 30 ["Tazria"]
741174 210 5790 1 4 2030 4 7 30 30 []
741175 211 5790 1 5 2030 4 8 30 30 []
741176 212 5790 1 6 2030 4 9 30 30 []
741177 213 5790 1 7 2030 4 10 30 30 []
741178 214 5790 1 8 2030 4 11 30 30 []
741179 215 5790 1 9 2030 4 12 30 30 []
741180 216 5790 1 10 2030 4 13 30 30 ["Sh. HaGadol", "Metzora"]
741181 217 5790 1 11 2030 4 14 30 30 []
741182 218 5790 1 12 2030 4 15 30 30 []
741183 219 5790 1 13 2030 4 16 30 30 []
741184 220 5790 1 14 2030 4 17 30 30 ["Erev Pesach"]
741185 221 5790 1 15 2030 4 18 30 30 ["Pesach"]
741186 222 5790 1 16 2030 4 19 30 30 ["Pesach", "1st day Omer"] ["Chol Hamoed", "1st day Omer"]
741187 223 5790 1 17 2030 4 20 30 30 ["Chol Hamoed", "2nd day Omer"]
741188 224 5790 1 18 2030 4 21 30 30 ["Chol Hamoed", "3rd day Omer"]
741189 225 5790 1 19 2030 4 22 30 30 ["Chol Hamoed", "4th day Omer"]
741190 226 5790 1 20 2030 4 23 30 30 ["Chol Hamoed", "5th day Omer"]
741191 227 5790 1 21 2030 4 24 30 30 ["Pesach", "6th day Omer"]
741192 228 5790 1 22 2030 4 25 30 30 ["Pesach", "7th day Omer"] ["7th day Omer"]
741193 229 5790 1 23 2030 4 26 30 30 ["8th day Omer"]
741194 230 5790 1 24 2030 4 27 30 30 ["9th day Omer", "Acharei Mot"]
741195 231 5790 1 25 2030 4 28 30 30 ["10th day Omer"]
741196 232 5790 1 26 2030 4 29 30 30 ["11th day Omer"]
741197 233 5790 1 27 2030 4 30 30 30 ["Yom HaShoah", "12th day Omer"]
741198 234 5790 1 28 2030 5 1 31 31 ["13th day Omer"]
741199 235 5790 1 29 2030 5 2 31 31 ["14th day Omer"]
741200 236 5790 1 30 2030 5 3 31 31 ["15th day Omer"]
741201 237 5790 2 1 2030 5 4 31 31 ["16th day Omer", "Kedoshim"]
741202 238 5790 2 2 2030 5 5 31 31 ["17th day Omer"]
741203 239 5790 2 3 2030 5 6 31 31 ["18th day Omer"]
741204 240 5790 2 4 2030 5 7 31 31 ["Yom HaZikaron", "19th day Omer"]
741205 241 5790 2 5 2030 5 8 31 31 ["Yom HaAtzmaut", "20th day Omer"]
741206 242 5790 2 6 2030 5 9 31 31 ["21st day Omer"]
741207 243 5790 2 7 2030 5 10 31 31 ["22nd day Omer"]
741208 244 5790 2 8 2030 5 11 31 31 ["23rd day Omer", "Emor"]
741209 245 5790 2 9 2030 5 12 31 31 ["24th day Omer"]
741210 246 5790 2 10 2030 5 13 31 31 ["25th day Omer"]
741211 247 5790 2 11 2030 5 14 31 31 ["26th day Omer"]
741212 248 5790 2 12 2030 5 15 31 31 ["27th day Omer"]
741213 249 5790 2 13 2030 5 16 31 31 ["28th day Omer"]
741214 250 5790 2 14 2030 5 17 31 31 ["29th day Omer"]
741215 251 5790 2 15 2030 5 18 31 31 ["30th day Omer", "Behar"]
741216 252 5790 2 16 2030 5 19 31 31 ["31st day Omer"]
741217 253 5790 2 17 2030 5 20 31 31 ["32nd day Omer"]
741218 254 5790 2 18 2030 5 21 31 31 ["Lag BaOmer"]
741219 255 5790 2 19 2030 5 22 31 31 ["34th day Omer"]
741220 256 5790 2 20 2030 5 23 31 31 ["35th day Omer"]
741221 257 5790 2 21 2030 5 24 31 31 ["36th day Omer"]
741222 258 5790 2 22 2030 5 25 31 31 ["37th day Omer", "Bechukotai"]
741223 259 5790 2 23 2030 5 26 31 31 ["38th day Omer"]
741224 260 5790 2 24 2030 5 27 31 31 ["39th day Omer"]
741225 261 5790 2 25 2030 5 28 31 31 ["40th day Omer"]
741226 262 5790 2 26 2030 5 29 31 31 ["41st day Omer"]
741227 263 5790 2 27 2030 5 30 31 31 ["42nd day Omer"]
741228 264 5790 2 28 2030 5 31 31 31 ["Yom Yerushalayim", "43rd day Omer"]
741229 265 5790 2 29 2030 6 1 30 30 ["44th day Omer", "Bemidbar"]
741230 266 5790 3 1 2030 6 2 30 30 ["45th day Omer"]
741231 267 5790 3 2 2030 6 3 30 30 ["46th day Omer"]
741232 268 5790 3 3 2030 6 4 30 30 ["47th day Omer"]
741233 269 5790 3 4 2030 6 5 30 30 ["48th day Omer"]
741234 270 5790 3 5 2030 6 6 30 30 ["Erev Shavuot", "49th day Omer"]
741235 271 5790 3 6 2030 6 7 30 30 ["Shavuot"]
741236 272 5790 3 7 2030 6 8 30 30 ["Shavuot"] ["Naso"]
741237 273 5790 3 8 2030 6 9 30 30 []
741238 274 5790 3 9 2030 6 10 30 30 []
741239 275 5790 3 10 2030 6 11 30 30 []
741240 276 5790 3 11 2030 6 12 30 30 []
741241 277 5790 3 12 2030 6 13 30 30 []
741242 278 5790 3 13 2030 6 14 30 30 []
741243 279 5790 3 14 2030 6 15 30 30 ["Naso"] ["Behaalotcha"]
741244 280 5790 3 15 2030 6 16 30 30 []
741245 281 5790 3 16 2030 6 17 30 30 []
741246 282 5790 3 17 2030 6 18 30 30 []
741247 283 5790 3 18 2030 6 19 30 30 []
741248 284 5790 3 19 2030 6 20 30 30 []
741249 285 5790 3 20 2030 6 21 30 30 []
741250 286 5790 3 21 2030 6 22 30 30 ["Behaalotcha"] ["Shelach"]
741251 287 5790 3 22 2030 6 23 30 30 []
741252 288 5790 3 23 2030 6 24 30 30 []
741253 289 5790 3 24 2030 6 25 30 30 []
741254 290 5790 3 25 2030 6 26 30 30 []
741255 291 5790 3 26 2030 6 27 30 30 []
741256 292 5790 3 27 2030 6 28 30 30 []
741257 293 5790 3 28 2030 6 29 30 30 ["Shelach"] ["Korach"]
741258 294 5790 3 29 2030 6 30 30 30 []
741259 295 5790 3 30 2030 7 1 31 31 []
741260 296 5790 4 1 2030 7 2 31 31 []
741261 297 5790 4 2 2030 7 3 31 31 []
741262 298 5790 4 3 2030 7 4 31 31 []
741263 299 5790 4 4 2030 7 5 31 31 []
741264 300 5790 4 5 2030 7 6 31 31 ["Korach"] ["Chukat"]
741265 301 5790 4 6 2030 7 7 31 31 []
741266 302 5790 4 7 2030 7 8 31 31 []
741267 303 5790 4 8 2030 7 9 31 31 []
741268 304 5790 4 9 2030 7 10 31 31 []
741269 305 5790 4 10 2030 7 11 31 31 []
741270 306 5790 4 11 2030 7 12 31 31 []
741271 307 5790 4 12 2030 7 13 31 31 ["Chukat/Balak"] ["Balak"]
741272 308 5790 4 13 2030 7 14 31 31 []
741273 309 5790 4 14 2030 7 15 31 31 []
741274 310 5790 4 15 2030 7 16 31 31 []
741275 311 5790 4 16 2030 7 17 31 31 []
741276 312 5790 4 17 2030 7 18 31 31 ["Tzom Tammuz"]
741277 313 5790 4 18 2030 7 19 31 31 []
741278 314 5790 4 19 2030 7 20 31 31 ["Pinchas"]
741279 315 5790 4 20 2030 7 21 31 31 []
741280 316 5790 4 21 2030 7 22 31 31 []
741281 317 5790 4 22 2030 7 23 31 31 []
741282 318 5790 4 23 2030 7 24 31 31 []
741283 319 5790 4 24 2030 7 25 31 31 []
741284 320 5790 4 25 2030 7 26 31 31 []
741285 321 5790 4 26 2030 7 27 31 31 ["Matot/Masei"]
741286 322 5790 4 27 2030 7 28 31 31 []
741287 323 5790 4 28 2030 7 29 31 31 []
741288 324 5790 4 29 2030 7 30 31 31 []
741289 325 5790 5 1 2030 7 31 31 31 []
741290 326 5790 5 2 2030 8 1 31 31 []
741291 327 5790 5 3 2030 8 2 31 31 []
741292 328 5790 5 4 2030 8 3 31 31 ["Sh. Chazon", "Devarim"]
741293 329 5790 5 5 2030 8 4 31 31 []
741294 330 5790 5 6 2030 8 5 31 31 []
741295 331 5790 5 7 2030 8 6 31 31 []
741296 332 5790 5 8 2030 8 7 31 31 []
741297 333 5790 5 9 2030 8 8 31 31 ["Tisha B\'Av"]
741298 334 5790 5 10 2030 8 9 31 31 []
741299 335 5790 5 11 2030 8 10 31 31 ["Sh. Nachamu", "Vaetchanan"]
741300 336 5790 5 12 2030 8 11 31 31 []
741301 337 5790 5 13 2030 8 12 31 31 []
741302 338 5790 5 14 2030 8 13 31 31 []
741303 339 5790 5 15 2030 8 14 31 31 []
741304 340 5790 5 16 2030 8 15 31 31 []
741305 341 5790 5 17 2030 8 16 31 31 []
741306 342 5790 5 18 2030 8 17 31 31 ["Ekev"]
741307 343 5790 5 19 2030 8 18 31 31 []
741308 344 5790 5 20 2030 8 19 31 31 []
741309 345 5790 5 21 2030 8 20 31 31 []
741310 346 5790 5 22 2030 8 21 31 31 []
741311 347 5790 5 23 2030 8 22 31 31 []
741312 348 5790 5 24 2030 8 23 31 31 []
741313 349 5790 5 25 2030 8 24 31 31 ["Reeh"]
741314 350 5790 5 26 2030 8 25 31 31 []
741315 351 5790 5 27 2030 8 26 31 31 []
741316 352 5790 5 28 2030 8 27 31 31 []
741317 353 5790 5 29 2030 8 28 31 31 []
741318 354 5790 5 30 2030 8 29 31 31 []
741319 355 5790 6 1 2030 8 30 31 31 []
741320 356 5790 6 2 2030 8 31 31 31 ["Shoftim"]
741321 357 5790 6 3 2030 9 1 30 30 []
741322 358 5790 6 4 2030 9 2 30 30 []
741323 359 5790 6 5 2030 9 3 30 30 []
741324 360 5790 6 6 2030 9 4 30 30 []
741325 361 5790 6 7 2030 9 5 30 30 []
741326 362 5790 6 8 2030 9 6 30 30 []
741327 363 5790 6 9 2030 9 7 30 30 ["Ki Tetze"]
741328 364 5790 6 10 2030 9 8 30 30 []
741329 365 5790 6 11 2030 9 9 30 30 []
741330 366 5790 6 12 2030 9 10 30 30 []
741331 367 5790 6 13 2030 9 11 30 30 []
741332 368 5790 6 14 2030 9 12 30 30 []
741333 369 5790 6 15 2030 9 13 30 30 []
741334 370 5790 6 16 2030 9 14 30 30 ["Ki Tavo"]
741335 371 5790 6 17 2030 9 15 30 30 []
741336 372 5790 6 18 2030 9 16 30 30 []
741337 373 5790 6 19 2030 9 17 30 30 []
741338 374 5790 6 20 2030 9 18 30 30 []
741339 375 5790 6 21 2030 9 19 30 30 []
741340 376 5790 6 22 2030 9 20 30 30 []
741341 377 5790 6 23 2030 9 21 30 30 ["Selichot (evening)", "Nitzavim/Vayelech"]
741342 378 5790 6 24 2030 9 22 30 30 []
741343 379 5790 6 25 2030 9 23 30 30 []
741344 380 5790 6 26 2030 9 24 30 30 []
741345 381 5790 6 27 2030 9 25 30 30 []
741346 382 5790 6 28 2030 9 26 30 30 []
741347 383 5790 6 29 2030 9 27 30 30 ["Erev R.H."]
742795 1 5795 7 1 2034 9 14 30 30 ["Rosh Hashanah"]
742796 2 5795 7 2 2034 9 15 30 30 ["Rosh Hashanah"]
742797 3 5795 7 3 2034 9 16 30 30 ["Sh. Shuvah", "Haazinu"]
742798 4 5795 7 4 2034 9 17 30 30 ["Tzom Gedaliah"]
742799 5 5795 7 5 2034 9 18 30 30 []
742800 6 5795 7 6 2034 9 19 30 30 []
742801 7 5795 7 7 2034 9 20 30 30 []
742802 8 5795 7 8 2034 9 21 30 30 []
742803 9 5795 7 9 2034 9 22 30 30 ["Erev Y.K."]
742804 10 5795 7 10 2034 9 23 30 30 ["Yom Kippur"]
742805 11 5795 7 11 2034 9 24 30 30 []
742806 12 5795 7 12 2034 9 25 30 30 []
742807 13 5795 7 13 2034 9 26 30 30 []
742808 14 5795 7 14 2034 9 27 30 30 ["Erev Sukkot"]
742809 15 5795 7 15 2034 9 28 30 30 ["Sukkot"]
742810 16 5795 7 16 2034 9 29 30 30 ["Sukkot"] ["Chol Hamoed"]
742811 17 5795 7 17 2034 9 30 30 30 ["Chol Hamoed"]
742812 18 5795 7 18 2034 10 1 31 31 ["Chol Hamoed"]
742813 19 5795 7 19 2034 10 2 31 31 ["Chol Hamoed"]
742814 20 5795 7 20 2034 10 3 31 31 ["Chol Hamoed"]
742815 21 5795 7 21 2034 10 4 31 31 ["Hoshana Rabbah"]
742816 22 5795 7 22 2034 10 5 31 31 ["Shemini Atzeret"]
742817 23 5795 7 23 2034 10 6 31 31 ["Simchat Torah"] []
742818 24 5795 7 24 2034 10 7 31 31 ["Bereshit"]
742819 25 5795 7 25 2034 10 8 31 31 []
742820 26 5795 7 26 2034 10 9 31 31 []
742821 27 5795 7 27 2034 10 10 31 31 []
742822 28 5795 7 28 2034 10 11 31 31 []
742823 29 5795 7 29 2034 10 12 31 31 []
742824 30 5795 7 30 2034 10 13 31 31 []
742825 31 5795 8 1 2034 10 14 31 31 ["Noach"]
742826 32 5795 8 2 2034 10 15 31 31 []
742827 33 5795 8 3 2034 10 16 31 31 []
742828 34 5795 8 4 2034 10 17 31 31 []
742829 35 5795 8 5 2034 10 18 31 31 []
742830 36 5795 8 6 2034 10 19 31 31 []
742831 37 5795 8 7 2034 10 20 31 31 []
742832 38 5795 8 8 2034 10 21 31 31 ["Lech L\'cha"]
742833 39 5795 8 9 2034 10 22 31 31 []
742834 40 5795 8 10 2034 10 23 31 31 []
742835 41 5795 8 11 2034 10 24 31 31 []
742836 42 5795 8 12 2034 10 25 31 31 []
742837 43 5795 8 13 2034 10 26 31 31 []
742838 44 5795 8 14 2034 10 27 31 31 []
742839 45 5795 8 15 2034 10 28 31 31 ["Vayera"]
742840 46 5795 8 16 2034 10 29 31 31 []
742841 47 5795 8 17 2034 10 30 31 31 []
742842 48 5795 8 18 2034 10 31 31 31 []
742843 49 5795 8 19 2034 11 1 30 30 []
742844 50 5795 8 20 2034 11 2 30 30 []
742845 51 5795 8 21 2034 11 3 30 30 []
742846 52 5795 8 22 2034 11 4 30 30 ["Chaye Sarah"]
742847 53 5795 8 23 2034 11 5 30 30 []
742848 54 5795 8 24 2034 11 6 30 30 []
742849 55 5795 8 25 2034 11 7 30 30 []
742850 56 5795 8 26 2034 11 8 30 30 []
742851 57 5795 8 27 2034 11 9 30 30 []
742852 58 5795 8 28 2034 11 10 30 30 []
742853 59 5795 8 29 2034 11 11 30 30 ["Toldot"]
742854 60 5795 8 30 2034 11 12 30 30 []
742855 61 5795 9 1 2034 11 13 30 30 []
742856 62 5795 9 2 2034 11 14 30 30 []
742857 63 5795 9 3 2034 11 15 30 30 []
742858 64 5795 9 4 2034 11 16 30 30 []
742859 65 5795 9 5 2034 11 17 30 30 []
742860 66 5795 9 6 2034 11 18 30 30 ["Vayetze"]
742861 67 5795 9 7 2034 11 19 30 30 []
742862 68 5795 9 8 2034 11 20 30 30 []
742863 69 5795 9 9 2034 11 21 30 30 []
742864 70 5795 9 10 2034 11 22 30 30 []
742865 71 5795 9 11 2034 11 23 30 30 []
742866 72 5795 9 12 2034 11 24 30 30 []
742867 73 5795 9 13 2034 11 25 30 30 ["Vayishlach"]
742868 74 5795 9 14 2034 11 26 30 30 []
742869 75 5795 9 15 2034 11 27 30 30 []
742870 76 5795 9 16 2034 11 28 30 30 []
742871 77 5795 9 17 2034 11 29 30 30 []
742872 78 5795 9 18 2034 11 30 30 30 []
742873 79 5795 9 19 2034 12 1 31 31 []
742874 80 5795 9 20 2034 12 2 31 31 ["Vayeshev"]
742875 81 5795 9 21 2034 12 3 31 31 []
742876 82 5795 9 22 2034 12 4 31 31 []
742877 83 5795 9 23 2034 12 5 31 31 []
742878 84 5795 9 24 2034 12 6 31 31 ["Erev Hanukkah"]
742879 85 5795 9 25 2034 12 7 31 31 ["Hanukkah"]
742880 86 5795 9 26 2034 12 8 31 31 ["Hanukkah"]
742881 87 5795 9 27 2034 12 9 31 31 ["Hanukkah", "Miketz"]
742882 88 5795 9 28 2034 12 10 31 31 ["Hanukkah"]
742883 89 5795 9 29 2034 12 11 31 31 ["Hanukkah"]
742884 90 5795 9 30 2034 12 12 31 31 ["Hanukkah"]
742885 91 5795 10 1 2034 12 13 31 31 ["Hanukkah"]
742886 92 5795 10 2 2034 12 14 31 31 ["Hanukkah"]
742887 93 5795 10 3 2034 12 15 31 31 []
742888 94 5795 10 4 2034 12 16 31 31 ["Vayigash"]
742889 95 5795 10 5 2034 12 17 31 31 []
742890 96 5795 10 6 2034 12 18 31 31 []
742891 97 5795 10 7 2034 12 19 31 31 []
742892 98 5795 10 8 2034 12 20 31 31 []
742893 99 5795 10 9 2034 12 21 31 31 []
742894 100 5795 10 10 2034 12 22 31 31 ["Tzom Tevet"]
742895 101 5795 10 11 2034 12 23 31 31 ["Vayechi"]
742896 102 5795 10 12 2034 12 24 31 31 []
742897 103 5795 10 13 2034 12 25 31 31 []
742898 104 5795 10 14 2034 12 26 31 31 []
742899 105 5795 10 15 2034 12 27 31 31 []
742900 106 5795 10 16 2034 12 28 31 31 []
742901 107 5795 10 17 2034 12 29 31 31 []
742902 108 5795 10 18 2034 12 30 31 31 ["Shemot"]
742903 109 5795 10 19 2034 12 31 31 31 []
742904 110 5795 10 20 2035 1 1 31 31 []
742905 111 5795 10 21 2035 1 2 31 31 []
742906 112 5795 10 22 2035 1 3 31 31 []
742907 113 5795 10 23 2035 1 4 31 31 []
742908 114 5795 10 24 2035 1 5 31 31 []
742909 115 5795 10 25 2035 1 6 31 31 ["Vaera"]
742910 116 5795 10 26 2035 1 7 31 31 []
742911 117 5795 10 27 2035 1 8 31 31 []
742912 118 5795 10 28 2035 1 9 31 31 []
742913 119 5795 10 29 2035 1 10 31 31 []
742914 120 5795 11 1 2035 1 11 31 31 []
742915 121 5795 11 2 2035 1 12 31 31 []
742916 122 5795 11 3 2035 1 13 31 31 ["Bo"]
742917 123 5795 11 4 2035 1 14 31 31 []
742918 124 5795 11 5 2035 1 15 31 31 []
742919 125 5795 11 6 2035 1 16 31 31 []
742920 126 5795 11 7 2035 1 17 31 31 []
742921 127 5795 11 8 2035 1 18 31 31 []
742922 128 5795 11 9 2035 1 19 31 31 []
742923 129 5795 11 10 2035 1 20 31 31 ["Sh. Shirah", "Beshalach"]
742924 130 5795 11 11 2035 1 21 31 31 []
742925 131 5795 11 12 2035 1 22 31 31 []
742926 132 5795 11 13 2035 1 23 31 31 []
742927 133 5795 11 14 2035 1 24 31 31 []
742928 134 5795 11 15 2035 1 25 31 31 ["Tu B\'Shevat"]
742929 135 5795 11 16 2035 1 26 31 31 []
742930 136 5795 11 17 2035 1 27 31 31 ["Yitro"]
742931 137 5795 11 18 2035 1 28 31 31 []
742932 138 5795 11 19 2035 1 29 31 31 []
742933 139 5795 11 20 2035 1 30 31 31 []
742934 140 5795 11 21 2035 1 31 31 31 []
742935 141 5795 11 22 2035 2 1 28 28 []
742936 142 5795 11 23 2035 2 2 28 28 []
742937 143 5795 11 24 2035 2 3 28 28 ["Mishpatim"]
742938 144 5795 11 25 2035 2 4 28 28 []
742939 145 5795 11 26 2035 2 5 28 28 []
742940 146 5795 11 27 2035 2 6 28 28 []
742941 147 5795 11 28 2035 2 7 28 28 []
742942 148 5795 11 29 2035 2 8 28 28 []
742943 149 5795 11 30 2035 2 9 28 28 []
742944 150 5795 12 1 2035 2 10 28 28 ["Terumah"]
742945 151 5795 12 2 2035 2 11 28 28 []
742946 152 5795 12 3 2035 2 12 28 28 []
742947 153 5795 12 4 2035 2 13 28 28 []
742948 154 5795 12 5 2035 2 14 28 28 []
742949 155 5795 12 6 2035 2 15 28 28 []
742950 156 5795 12 7 2035 2 16 28 28 []
742951 157 5795 12 8 2035 2 17 28 28 ["Tetzaveh"]
742952 158 5795 12 9 2035 2 18 28 28 []
742953 159 5795 12 10 2035 2 19 28 28 []
742954 160 5795 12 11 2035 2 20 28 28 []
742955 161 5795 12 12 2035 2 21 28 28 []
742956 162 5795 12 13 2035 2 22 28 28 []
742957 163 5795 12 14 2035 2 23 28 28 ["Purim Katan"]
742958 164 5795 12 15 2035 2 24 28 28 ["Ki Tisa"]
742959 165 5795 12 16 2035 2 25 28 28 []
742960 166 5795 12 17 2035 2 26 28 28 []
742961 167 5795 12 18 2035 2 27 28 28 []
742962 168 5795 12 19 2035 2 28 28 28 []
742963 169 5795 12 20 2035 3 1 31 31 []
742964 170 5795 12 21 2035 3 2 31 31 []
742965 171 5795 12 22 2035 3 3 31 31 ["Vayakhel"]
742966 172 5795 12 23 2035 3 4 31 31 []
742967 173 5795 12 24 2035 3 5 31 31 []
742968 174 5795 12 25 2035 3 6 31 31 []
742969 175 5795 12 26 2035 3 7 31 31 []
742970 176 5795 12 27 2035 3 8 31 31 []
742971 177 5795 12 28 2035 3 9 31 31 []
742972 178 5795 12 29 2035 3 10 31 31 ["Sh. Shekalim", "Pekudei"]
742973 179 5795 12 30 2035 3 11 31 31 []
742974 180 5795 13 1 2035 3 12 31 31 []
742975 181 5795 13 2 2035 3 13 31 31 []
742976 182 5795 13 3 2035 3 14 31 31 []
742977 183 5795 13 4 2035 3 15 31 31 []
742978 184 5795 13 5 2035 3 16 31 31 []
742979 185 5795 13 6 2035 3 17 31 31 ["Vayikra"]
742980 186 5795 13 7 2035 3 18 31 31 []
742981 187 5795 13 8 2035 3 19 31 31 []
742982 188 5795 13 9 2035 3 20 31 31 []
742983 189 5795 13 10 2035 3 21 31 31 []
742984 190 5795 13 11 2035 3 22 31 31 ["Ta\'anit Esther"]
742985 191 5795 13 12 2035 3 23 31 31 []
742986 192 5795 13 13 2035 3 24 31 31 ["Sh. Zachor", "Erev Purim", "Tzav"]
742987 193 5795 13 14 2035 3 25 31 31 ["Purim"]
742988 194 5795 13 15 2035 3 26 31 31 ["Shushan Purim"]
742989 195 5795 13 16 2035 3 27 31 31 []
742990 196 5795 13 17 2035 3 28 31 31 []
742991 197 5795 13 18 2035 3 29 31 31 []
742992 198 5795 13 19 2035 3 30 31 31 []
742993 199 5795 13 20 2035 3 31 31 31 ["Sh. Parah", "Shemini"]
742994 200 5795 13 21 2035 4 1 30 30 []
742995 201 5795 13 22 2035 4 2 30 30 []
742996 202 5795 13 23 2035 4 3 30 30 []
742997 203 5795 13 24 2035 4 4 30 30 []
742998 204 5795 13 25 2035 4 5 30 30 []
742999 205 5795 13 26 2035 4 6 30 30 []
743000 206 5795 13 27 2035 4 7 30 30 ["Sh. HaChodesh", "Tazria"]
743001 207 5795 13 28 2035 4 8 30 30 []
743002 208 5795 13 29 2035 4 9 30 30 []
743003 209 5795 1 1 2035 4 10 30 30 []
743004 210 5795 1 2 2035 4 11 30 30 []
743005 211 5795 1 3 2035 4 12 30 30 []
743006 212 5795 1 4 2035 4 13 30 30 []
743007 213 5795 1 5 2035 4 14 30 30 ["Metzora"]
743008 214 5795 1 6 2035 4 15 30 30 []
743009 215 5795 1 7 2035 4 16 30 30 []
743010 216 5795 1 8 2035 4 17 30 30 []
743011 217 5795 1 9 2035 4 18 30 30 []
743012 218 5795 1 10 2035 4 19 30 30 []
743013 219 5795 1 11 2035 4 20 30 30 []
743014 220 5795 1 12 2035 4 21 30 30 ["Sh. HaGadol", "Acharei Mot"]
743015 221 5795 1 13 2035 4 22 30 30 []
743016 222 5795 1 14 2035 4 23 30 30 ["Erev Pesach"]
743017 223 5795 1 15 2035 4 24 30 30 ["Pesach"]
743018 224 5795 1 16 2035 4 25 30 30 ["Pesach", "1st day Omer"] ["Chol Hamoed", "1st day Omer"]
743019 225 5795 1 17 2035 4 26 30 30 ["Chol Hamoed", "2nd day Omer"]
743020 226 5795 1 18 2035 4 27 30 30 ["Chol Hamoed", "3rd day Omer"]
743021 227 5795 1 19 2035 4 28 30 30 ["Chol Hamoed", "4th day Omer"]
743022 228 5795 1 20 2035 4 29 30 30 ["Chol Hamoed", "5th day Omer"]
743023 229 5795 1 21 2035 4 30 30 30 ["Pesach", "6th day Omer"]
743024 230 5795 1 22 2035 5 1 31 31 ["Pesach", "7th day Omer"] ["7th day Omer"]
743025 231 5795 1 23 2035 5 2 31 31 ["8th day Omer"]
743026 232 5795 1 24 2035 5 3 31 31 ["9th day Omer"]
743027 233 5795 1 25 2035 5 4 31 31 ["10th day Omer"]
743028 234 5795 1 26 2035 5 5 31 31 ["11th day Omer", "Kedoshim"]
743029 235 5795 1 27 2035 5 6 31 31 ["12th day Omer"]
743030 236 5795 1 28 2035 5 7 31 31 ["Yom HaShoah", "13th day Omer"]
743031 237 5795 1 29 2035 5 8 31 31 ["14th day Omer"]
743032 238 5795 1 30 2035 5 9 31 31 ["15th day Omer"]
743033 239 5795 2 1 2035 5 10 31 31 ["16th day Omer"]
743034 240 5795 2 2 2035 5 11 31 31 ["17th day Omer"]
743035 241 5795 2 3 2035 5 12 31 31 ["18th day Omer", "Emor"]
743036 242 5795 2 4 2035 5 13 31 31 ["19th day Omer"]
743037 243 5795 2 5 2035 5 14 31 31 ["Yom HaZikaron", "20th day Omer"]
743038 244 5795 2 6 2035 5 15 31 31 ["Yom HaAtzmaut", "21st day Omer"]
743039 245 5795 2 7 2035 5 16 31 31 ["22nd day Omer"]
743040 246 5795 2 8 2035 5 17 31 31 ["23rd day Omer"]
743041 247 5795 2 9 2035 5 18 31 31 ["24th day Omer"]
743042 248 5795 2 10 2035 5 19 31 31 ["25th day Omer", "Behar"]
743043 249 5795 2 11 2035 5 20 31 31 ["26th day Omer"]
743044 250 5795 2 12 2035 5 21 31 31 ["27th day Omer"]
743045 251 5795 2 13 2035 5 22 31 31 ["28th day Omer"]
743046 252 5795 2 14 2035 5 23 31 31 ["29th day Omer"]
743047 253 5795 2 15 2035 5 24 31 31 ["30th day Omer"]
743048 254 5795 2 16 2035 5 25 31 31 ["31st day Omer"]
743049 255 5795 2 17 2035 5 26 31 31 ["32nd day Omer", "Bechukotai"]
743050 256 5795 2 18 2035 5 27 31 31 ["Lag BaOmer"]
743051 257 5795 2 19 2035 5 28 31 31 ["34th day Omer"]
743052 258 5795 2 20 2035 5 29 31 31 ["35th day Omer"]
743053 259 5795 2 21 2035 5 30 31 31 ["36th day Omer"]
743054 260 5795 2 22 2035 5 31 31 31 ["37th day Omer"]
743055 261 5795 2 23 2035 6 1 30 30 ["38th day Omer"]
743056 262 5795 2 24 2035 6 2 30 30 ["39th day Omer", "Bemidbar"]
743057 263 5795 2 25 2035 6 3 30 30 ["40th day Omer"]
743058 264 5795 2 26 2035 6 4 30 30 ["41st day Omer"]
743059 265 5795 2 27 2035 6 5 30 30 ["42nd day Omer"]
743060 266 5795 2 28 2035 6 6 30 30 ["Yom Yerushalayim", "43rd day Omer"]
743061 267 5795 2 29 2035 6 7 30 30 ["44th day Omer"]
743062 268 5795 3 1 2035 6 8 30 30 ["45th day Omer"]
743063 269 5795 3 2 2035 6 9 30 30 ["46th day Omer", "Naso"]
743064 270 5795 3 3 2035 6 10 30 30 ["47th day Omer"]
743065 271 5795 3 4 2035 6 11 30 30 ["48th day Omer"]
743066 272 5795 3 5 2035 6 12 30 30 ["Erev Shavuot", "49th day Omer"]
743067 273 5795 3 6 2035 6 13 30 30 ["Shavuot"]
743068 274 5795 3 7 2035 6 14 30 30 ["Shavuot"] []
743069 275 5795 3 8 2035 6 15 30 30 []
743070 276 5795 3 9 2035 6 16 30 30 ["Behaalotcha"]
743071 277 5795 3 10 2035 6 17 30 30 []
743072 278 5795 3 11 2035 6 18 30 30 []
743073 279 5795 3 12 2035 6 19 30 30 []
743074 280 5795 3 13 2035 6 20 30 30 []
743075 281 5795 3 14 2035 6 21 30 30 []
743076 282 5795 3 15 2035 6 22 30 30 []
743077 283 5795 3 16 2035 6 23 30 30 ["Shelach"]
743078 284 5795 3 17 2035 6 24 30 30 []
743079 285 5795 3 18 2035 6 25 30 30 []
743080 286 5795 3 19 2035 6 26 30 30 []
743081 287 5795 3 20 2035 6 27 30 30 []
743082 288 5795 3 21 2035 6 28 30 30 []
743083 289 5795 3 22 2035 6 29 30 30 []
743084 290 5795 3 23 2035 6 30 30 30 ["Korach"]
743085 291 5795 3 24 2035 7 1 31 31 []
743086 292 5795 3 25 2035 7 2 31 31 []
743087 293 5795 3 26 2035 7 3 31 31 []
743088 294 5795 3 27 2035 7 4 31 31 []
743089 295 5795 3 28 2035 7 5 31 31 []
743090 296 5795 3 29 2035 7 6 31 31 []
743091 297 5795 3 30 2035 7 7 31 31 ["Chukat"]
743092 298 5795 4 1 2035 7 8 31 31 []
743093 299 5795 4 2 2035 7 9 31 31 []
743094 300 5795 4 3 2035 7 10 31 31 []
743095 301 5795 4 4 2035 7 11 31 31 []
743096 302 5795 4 5 2035 7 12 31 31 []
743097 303 5795 4 6 2035 7 13 31 31 []
743098 304 5795 4 7 2035 7 14 31 31 ["Balak"]
743099 305 5795 4 8 2035 7 15 31 31 []
743100 306 5795 4 9 2035 7 16 31 31 []
743101 307 5795 4 10 2035 7 17 31 31 []
743102 308 5795 4 11 2035 7 18 31 31 []
743103 309 5795 4 12 2035 7 19 31 31 []
743104 310 5795 4 13 2035 7 20 31 31 []
743105 311 5795 4 14 2035 7 21 31 31 ["Pinchas"]
743106 312 5795 4 15 2035 7 22 31 31 []
743107 313 5795 4 16 2035 7 23 31 31 []
743108 314 5795 4 17 2035 7 24 31 31 ["Tzom Tammuz"]
743109 315 5795 4 18 2035 7 25 31 31 []
743110 316 5795 4 19 2035 7 26 31 31 []
743111 317 5795 4 20 2035 7 27 31 31 []
743112 318 5795 4 21 2035 7 28 31 31 ["Matot"]
743113 319 5795 4 22 2035 7 29 31 31 []
743114 320 5795 4 23 2035 7 30 31 31 []
743115 321 5795 4 24 2035 7 31 31 31 []
743116 322 5795 4 25 2035 8 1 31 31 []
743117 323 5795 4 26 2035 8 2 31 31 []
743118 324 5795 4 27 2035 8 3 31 31 []
743119 325 5795 4 28 2035 8 4 31 31 ["Masei"]
743120 326 5795 4 29 2035 8 5 31 31 []
743121 327 5795 5 1 2035 8 6 31 31 []
743122 328 5795 5 2 2035 8 7 31 31 []
743123 329 5795 5 3 2035 8 8 31 31 []
743124 330 5795 5 4 2035 8 9 31 31 []
743125 331 5795 5 5 2035 8 10 31 31 []
743126 332 5795 5 6 2035 8 11 31 31 ["Sh. Chazon", "Devarim"]
743127 333 5795 5 7 2035 8 12 31 31 []
743128 334 5795 5 8 2035 8 13 31 31 []
743129 335 5795 5 9 2035 8 14 31 31 ["Tisha B\'Av"]
743130 336 5795 5 10 2035 8 15 31 31 []
743131 337 5795 5 11 2035 8 16 31 31 []
743132 338 5795 5 12 2035 8 17 31 31 []
743133 339 5795 5 13 2035 8 18 31 31 ["Sh. Nachamu", "Vaetchanan"]
743134 340 5795 5 14 2035 8 19 31 31 []
743135 341 5795 5 15 2035 8 20 31 31 []
743136 342 5795 5 16 2035 8 21 31 31 []
743137 343 5795 5 17 2035 8 22 31 31 []
743138 344 5795 5 18 2035 8 23 31 31 []
743139 345 5795 5 19 2035 8 24 31 31 []
743140 346 5795 5 20 2035 8 25 31 31 ["Ekev"]
743141 347 5795 5 21 2035 8 26 31 31 []
743142 348 5795 5 22 2035 8 27 31 31 []
743143 349 5795 5 23 2035 8 28 31 31 []
743144 350 5795 5 24 2035 8 29 31 31 []
743145 351 5795 5 25 2035 8 30 31 31 []
743146 352 5795 5 26 2035 8 31 31 31 []
743147 353 5795 5 27 2035 9 1 30 30 ["Reeh"]
743148 354 5795 5 28 2035 9 2 30 30 []
743149 355 5795 5 29 2035 9 3 30 30 []
743150 356 5795 5 30 2035 9 4 30 30 []
743151 357 5795 6 1 2035 9 5 30 30 []
743152 358 5795 6 2 2035 9 6 30 30 []
743153 359 5795 6 3 2035 9 7 30 30 []
743154 360 5795 6 4 2035 9 8 30 30 ["Shoftim"]
743155 361 5795 6 5 2035 9 9 30 30 []
743156 362 5795 6 6 2035 9 10 30 30 []
743157 363 5795 6 7 2035 9 11 30 30 []
743158 364 5795 6 8 2035 9 12 30 30 []
743159 365 5795 6 9 2035 9 13 30 30 []
743160 366 5795 6 10 2035 9 14 30 30 []
743161 367 5795 6 11 2035 9 15 30 30 ["Ki Tetze"]
743162 368 5795 6 12 2035 9 16 30 30 []
743163 369 5795 6 13 2035 9 17 30 30 []
743164 370 5795 6 14 2035 9 18 30 30 []
743165 371 5795 6 15 2035 9 19 30 30 []
743166 372 5795 6 16 2035 9 20 30 30 []
743167 373 5795 6 17 2035 9 21 30 30 []
743168 374 5795 6 18 2035 9 22 30 30 ["Ki Tavo"]
743169 375 5795 6 19 2035 9 23 30 30 []
743170 376 5795 6 20 2035 9 24 30 30 []
743171 377 5795 6 21 2035 9 25 30 30 []
743172 378 5795 6 22 2035 9 26 30 30 []
743173 379 5795 6 23 2035 9 27 30 30 []
743174 380 5795 6 24 2035 9 28 30 30 []
743175 381 5795 6 25 2035 9 29 30 30 ["Selichot (evening)", "Nitzavim/Vayelech"]
743176 382 5795 6 26 2035 9 30 30 30 []
743177 383 5795 6 27 2035 10 1 31 31 []
743178 384 5795 6 28 2035 10 2 31 31 []
743179 385 5795 6 29 2035 10 3 31 31 ["Erev R.H."]
743534 1 5797 7 1 2036 9 22 30 30 ["Rosh Hashanah"]
743535 2 5797 7 2 2036 9 23 30 30 ["Rosh Hashanah"]
743536 3 5797 7 3 2036 9 24 30 30 ["Tzom Gedaliah"]
743537 4 5797 7 4 2036 9 25 30 30 []
743538 5 5797 7 5 2036 9 26 30 30 []
743539 6 5797 7 6 2036 9 27 30 30 ["Sh. Shuvah", "Vayelech"]
743540 7 5797 7 7 2036 9 28 30 30 []
743541 8 5797 7 8 2036 9 29 30 30 []
743542 9 5797 7 9 2036 9 30 30 30 ["Erev Y.K."]
743543 10 5797 7 10 2036 10 1 31 31 ["Yom Kippur"]
743544 11 5797 7 11 2036 10 2 31 31 []
743545 12 5797 7 12 2036 10 3 31 31 []
743546 13 5797 7 13 2036 10 4 31 31 ["Haazinu"]
743547 14 5797 7 14 2036 10 5 31 31 ["Erev Sukkot"]
743548 15 5797 7 15 2036 10 6 31 31 ["Sukkot"]
743549 16 5797 7 16 2036 10 7 31 31 ["Sukkot"] ["Chol Hamoed"]
743550 17 5797 7 17 2036 10 8 31 31 ["Chol Hamoed"]
743551 18 5797 7 18 2036 10 9 31 31 ["Chol Hamoed"]
743552 19 5797 7 19 2036 10 10 31 31 ["Chol Hamoed"]
743553 20 5797 7 20 2036 10 11 31 31 ["Chol Hamoed"]
743554 21 5797 7 21 2036 10 12 31 31 ["Hoshana Rabbah"]
743555 22 5797 7 22 2036 10 13 31 31 ["Shemini Atzeret"]
743556 23 5797 7 23 2036 10 14 31 31 ["Simchat Torah"] []
743557 24 5797 7 24 2036 10 15 31 31 []
743558 25 5797 7 25 2036 10 16 31 31 []
743559 26 5797 7 26 2036 10 17 31 31 []
743560 27 5797 7 27 2036 10 18 31 31 ["Bereshit"]
743561 28 5797 7 28 2036 10 19 31 31 []
743562 29 5797 7 29 2036 10 20 31 31 []
743563 30 5797 7 30 2036 10 21 31 31 []
743564 31 5797 8 1 2036 10 22 31 31 []
743565 32 5797 8 2 2036 10 23 31 31 []
743566 33 5797 8 3 2036 10 24 31 31 []
743567 34 5797 8 4 2036 10 25 31 31 ["Noach"]
743568 35 5797 8 5 2036 10 26 31 31 []
743569 36 5797 8 6 2036 10 27 31 31 []
743570 37 5797 8 7 2036 10 28 31 31 []
743571 38 5797 8 8 2036 10 29 31 31 []
743572 39 5797 8 9 2036 10 30 31 31 []
743573 40 5797 8 10 2036 10 31 31 31 []
743574 41 5797 8 11 2036 11 1 30 30 ["Lech L\'cha"]
743575 42 5797 8 12 2036 11 2 30 30 []
743576 43 5797 8 13 2036 11 3 30 30 []
743577 44 5797 8 14 2036 11 4 30 30 []
743578 45 5797 8 15 2036 11 5 30 30 []
743579 46 5797 8 16 2036 11 6 30 30 []
743580 47 5797 8 17 2036 11 7 30 30 []
743581 48 5797 8 18 2036 11 8 30 30 ["Vayera"]
743582 49 5797 8 19 2036 11 9 30 30 []
743583 50 5797 8 20 2036 11 10 30 30 []
743584 51 5797 8 21 2036 11 11 30 30 []
743585 52 5797 8 22 2036 11 12 30 30 []
743586 53 5797 8 23 2036 11 13 30 30 []
743587 54 5797 8 24 2036 11 14 30 30 []
743588 55 5797 8 25 2036 11 15 30 30 ["Chaye Sarah"]
743589 56 5797 8 26 2036 11 16 30 30 []
743590 57 5797 8 27 2036 11 17 30 30 []
743591 58 5797 8 28 2036 11 18 30 30 []
743592 59 5797 8 29 2036 11 19 30 30 []
743593 60 5797 9 1 2036 11 20 30 30 []
743594 61 5797 9 2 2036 11 21 30 30 []
743595 62 5797 9 3 2036 11 22 30 30 ["Toldot"]
743596 63 5797 9 4 2036 11 23 30 30 []
743597 64 5797 9 5 2036 11 24 30 30 []
743598 65 5797 9 6 2036 11 25 30 30 []
743599 66 5797 9 7 2036 11 26 30 30 []
743600 67 5797 9 8 2036 11 27 30 30 []
743601 68 5797 9 9 2036 11 28 30 30 []
743602 69 5797 9 10 2036 11 29 30 30 ["Vayetze"]
743603 70 5797 9 11 2036 11 30 30 30 []
743604 71 5797 9 12 2036 12 1 31 31 []
743605 72 5797 9 13 2036 12 2 31 31 []
743606 73 5797 9 14 2036 12 3 31 31 []
743607 74 5797 9 15 2036 12 4 31 31 []
743608 75 5797 9 16 2036 12 5 31 31 []
743609 76 5797 9 17 2036 12 6 31 31 ["Vayishlach"]
743610 77 5797 9 18 2036 12 7 31 31 []
743611 78 5797 9 19 2036 12 8 31 31 []
743612 79 5797 9 20 2036 12 9 31 31 []
743613 80 5797 9 21 2036 12 10 31 31 []
743614 81 5797 9 22 2036 12 11 31 31 []
743615 82 5797 9 23 2036 12 12 31 31 []
743616 83 5797 9 24 2036 12 13 31 31 ["Erev Hanukkah", "Vayeshev"]
743617 84 5797 9 25 2036 12 14 31 31 ["Hanukkah"]
743618 85 5797 9 26 2036 12 15 31 31 ["Hanukkah"]
743619 86 5797 9 27 2036 12 16 31 31 ["Hanukkah"]
743620 87 5797 9 28 2036 12 17 31 31 ["Hanukkah"]
743621 88 5797 9 29 2036 12 18 31 31 ["Hanukkah"]
743622 89 5797 10 1 2036 12 19 31 31 ["Hanukkah"]
743623 90 5797 10 2 2036 12 20 31 31 ["Hanukkah", "Miketz"]
743624 91 5797 10 3 2036 12 21 31 31 ["Hanukkah"]
743625 92 5797 10 4 2036 12 22 31 31 []
743626 93 5797 10 5 2036 12 23 31 31 []
743627 94 5797 10 6 2036 12 24 31 31 []
743628 95 5797 10 7 2036 12 25 31 31 []
743629 96 5797 10 8 2036 12 26 31 31 []
743630 97 5797 10 9 2036 12 27 31 31 ["Vayigash"]
743631 98 5797 10 10 2036 12 28 31 31 ["Tzom Tevet"]
743632 99 5797 10 11 2036 12 29 31 31 []
743633 100 5797 10 12 2036 12 30 31 31 []
743634 101 5797 10 13 2036 12 31 31 31 []
743635 102 5797 10 14 2037 1 1 31 31 []
743636 103 5797 10 15 2037 1 2 31 31 []
743637 104 5797 10 16 2037 1 3 31 31 ["Vayechi"]
743638 105 5797 10 17 2037 1 4 31 31 []
743639 106 5797 10 18 2037 1 5 31 31 []
743640 107 5797 10 19 2037 1 6 31 31 []
743641 108 5797 10 20 2037 1 7 31 31 []
743642 109 5797 10 21 2037 1 8 31 31 []
743643 110 5797 10 22 2037 1 9 31 31 []
743644 111 5797 10 23 2037 1 10 31 31 ["Shemot"]
743645 112 5797 10 24 2037 1 11 31 31 []
743646 113 5797 10 25 2037 1 12 31 31 []
743647 114 5797 10 26 2037 1 13 31 31 []
743648 115 5797 10 27 2037 1 14 31 31 []
743649 116 5797 10 28 2037 1 15 31 31 []
743650 117 5797 10 29 2037 1 16 31 31 []
743651 118 5797 11 1 2037 1 17 31 31 ["Vaera"]
743652 119 5797 11 2 2037 1 18 31 31 []
743653 120 5797 11 3 2037 1 19 31 31 []
743654 121 5797 11 4 2037 1 20 31 31 []
743655 122 5797 11 5 2037 1 21 31 31 []
743656 123 5797 11 6 2037 1 22 31 31 []
743657 124 5797 11 7 2037 1 23 31 31 []
743658 125 5797 11 8 2037 1 24 31 31 ["Bo"]
743659 126 5797 11 9 2037 1 25 31 31 []
743660 127 5797 11 10 2037 1 26 31 31 []
743661 128 5797 11 11 2037 1 27 31 31 []
743662 129 5797 11 12 2037 1 28 31 31 []
743663 130 5797 11 13 2037 1 29 31 31 []
743664 131 5797 11 14 2037 1 30 31 31 []
743665 132 5797 11 15 2037 1 31 31 31 ["Sh. Shirah", "Tu B\'Shevat", "Beshalach"]
743666 133 5797 11 16 2037 2 1 28 28 []
743667 134 5797 11 17 2037 2 2 28 28 []
743668 135 5797 11 18 2037 2 3 28 28 []
743669 136 5797 11 19 2037 2 4 28 28 []
743670 137 5797 11 20 2037 2 5 28 28 []
743671 138 5797 11 21 2037 2 6 28 28 []
743672 139 5797 11 22 2037 2 7 28 28 ["Yitro"]
743673 140 5797 11 23 2037 2 8 28 28 []
743674 141 5797 11 24 2037 2 9 28 28 []
743675 142 5797 11 25 2037 2 10 28 28 []
743676 143 5797 11 26 2037 2 11 28 28 []
743677 144 5797 11 27 2037 2 12 28 28 []
743678 145 5797 11 28 2037 2 13 28 28 []
743679 146 5797 11 29 2037 2 14 28 28 ["Sh. Shekalim", "Mishpatim"]
743680 147 5797 11 30 2037 2 15 28 28 []
743681 148 5797 12 1 2037 2 16 28 28 []
743682 149 5797 12 2 2037 2 17 28 28 []
743683 150 5797 12 3 2037 2 18 28 28 []
743684 151 5797 12 4 2037 2 19 28 28 []
743685 152 5797 12 5 2037 2 20 28 28 []
743686 153 5797 12 6 2037 2 21 28 28 ["Terumah"]
743687 154 5797 12 7 2037 2 22 28 28 []
743688 155 5797 12 8 2037 2 23 28 28 []
743689 156 5797 12 9 2037 2 24 28 28 []
743690 157 5797 12 10 2037 2 25 28 28 []
743691 158 5797 12 11 2037 2 26 28 28 ["Ta\'anit Esther"]
743692 159 5797 12 12 2037 2 27 28 28 []
743693 160 5797 12 13 2037 2 28 28 28 ["Sh. Zachor", "Erev Purim", "Tetzaveh"]
743694 161 5797 12 14 2037 3 1 31 31 ["Purim"]
743695 162 5797 12 15 2037 3 2 31 31 ["Shushan Purim"]
743696 163 5797 12 16 2037 3 3 31 31 []
743697 164 5797 12 17 2037 3 4 31 31 []
743698 165 5797 12 18 2037 3 5 31 31 []
743699 166 5797 12 19 2037 3 6 31 31 []
743700 167 5797 12 20 2037 3 7 31 31 ["Sh. Parah", "Ki Tisa"]
743701 168 5797 12 21 2037 3 8 31 31 []
743702 169 5797 12 22 2037 3 9 31 31 []
743703 170 5797 12 23 2037 3 10 31 31 []
743704 171 5797 12 24 2037 3 11 31 31 []
743705 172 5797 12 25 2037 3 12 31 31 []
743706 173 5797 12 26 2037 3 13 31 31 []
743707 174 5797 12 27 2037 3 14 31 31 ["Sh. HaChodesh", "Vayakhel/Pekudei"]
743708 175 5797 12 28 2037 3 15 31 31 []
743709 176 5797 12 29 2037 3 16 31 31 []
743710 177 5797 1 1 2037 3 17 31 31 []
743711 178 5797 1 2 2037 3 18 31 31 []
743712 179 5797 1 3 2037 3 19 31 31 []
743713 180 5797 1 4 2037 3 20 31 31 []
743714 181 5797 1 5 2037 3 21 31 31 ["Vayikra"]
743715 182 5797 1 6 2037 3 22 31 31 []
743716 183 5797 1 7 2037 3 23 31 31 []
743717 184 5797 1 8 2037 3 24 31 31 []
743718 185 5797 1 9 2037 3 25 31 31 []
743719 186 5797 1 10 2037 3 26 31 31 []
743720 187 5797 1 11 2037 3 27 31 31 []
743721 188 5797 1 12 2037 3 28 31 31 ["Sh. HaGadol", "Tzav"]
743722 189 5797 1 13 2037 3 29 31 31 []
743723 190 5797 1 14 2037 3 30 31 31 ["Erev Pesach"]
743724 191 5797 1 15 2037 3 31 31 31 ["Pesach"]
743725 192 5797 1 16 2037 4 1 30 30 ["Pesach", "1st day Omer"] ["Chol Hamoed", "1st day Omer"]
743726 193 5797 1 17 2037 4 2 30 30 ["Chol Hamoed", "2nd day Omer"]
743727 194 5797 1 18 2037 4 3 30 30 ["Chol Hamoed", "3rd day Omer"]
743728 195 5797 1 19 2037 4 4 30 30 ["Chol Hamoed", "4th day Omer"]
743729 196 5797 1 20 2037 4 5 30 30 ["Chol Hamoed", "5th day Omer"]
743730 197 5797 1 21 2037 4 6 30 30 ["Pesach", "6th day Omer"]
743731 198 5797 1 22 2037 4 7 30 30 ["Pesach", "7th day Omer"] ["7th day Omer"]
743732 199 5797 1 23 2037 4 8 30 30 ["8th day Omer"]
743733 200 5797 1 24 2037 4 9 30 30 ["9th day Omer"]
743734 201 5797 1 25 2037 4 10 30 30 ["10th day Omer"]
743735 202 5797 1 26 2037 4 11 30 30 ["11th day Omer", "Shemini"]
743736 203 5797 1 27 2037 4 12 30 30 ["12th day Omer"]
743737 204 5797 1 28 2037 4 13 30 30 ["Yom HaShoah", "13th day Omer"]
743738 205 5797 1 29 2037 4 14 30 30 ["14th day Omer"]
743739 206 5797 1 30 2037 4 15 30 30 ["15th day Omer"]
743740 207 5797 2 1 2037 4 16 30 30 ["16th day Omer"]
743741 208 5797 2 2 2037 4 17 30 30 ["17th day Omer"]
743742 209 5797 2 3 2037 4 18 30 30 ["18th day Omer", "Tazria/Metzora"]
743743 210 5797 2 4 2037 4 19 30 30 ["19th day Omer"]
743744 211 5797 2 5 2037 4 20 30 30 ["Yom HaZikaron", "20th day Omer"]
743745 212 5797 2 6 2037 4 21 30 30 ["Yom HaAtzmaut", "21st day Omer"]
743746 213 5797 2 7 2037 4 22 30 30 ["22nd day Omer"]
743747 214 5797 2 8 2037 4 23 30 30 ["23rd day Omer"]
743748 215 5797 2 9 2037 4 24 30 30 ["24th day Omer"]
743749 216 5797 2 10 2037 4 25 30 30 ["25th day Omer", "Acharei Mot/Kedoshim"]
743750 217 5797 2 11 2037 4 26 30 30 ["26th day Omer"]
743751 218 5797 2 12 2037 4 27 30 30 ["27th day Omer"]
743752 219 5797 2 13 2037 4 28 30 30 ["28th day Omer"]
743753 220 5797 2 14 2037 4 29 30 30 ["29th day Omer"]
743754 221 5797 2 15 2037 4 30 30 30 ["30th day Omer"]
743755 222 5797 2 16 2037 5 1 31 31 ["31st day Omer"]
743756 223 5797 2 17 2037 5 2 31 31 ["32nd day Omer", "Emor"]
743757 224 5797 2 18 2037 5 3 31 31 ["Lag BaOmer"]
743758 225 5797 2 19 2037 5 4 31 31 ["34th day Omer"]
743759 226 5797 2 20 2037 5 5 31 31 ["35th day Omer"]
743760 227 5797 2 21 2037 5 6 31 31 ["36th day Omer"]
743761 228 5797 2 22 2037 5 7 31 31 ["37th day Omer"]
743762 229 5797 2 23 2037 5 8 31 31 ["38th day Omer"]
743763 230 5797 2 24 2037 5 9 31 31 ["39th day Omer", "Behar/Bechukotai"]
743764 231 5797 2 25 2037 5 10 31 31 ["40th day Omer"]
743765 232 5797 2 26 2037 5 11 31 31 ["41st day Omer"]
743766 233 5797 2 27 2037 5 12 31 31 ["42nd day Omer"]
743767 234 5797 2 28 2037 5 13 31 31 ["Yom Yerushalayim", "43rd day Omer"]
743768 235 5797 2 29 2037 5 14 31 31 ["44th day Omer"]
743769 236 5797 3 1 2037 5 15 31 31 ["45th day Omer"]
743770 237 5797 3 2 2037 5 16 31 31 ["46th day Omer", "Bemidbar"]
743771 238 5797 3 3 2037 5 17 31 31 ["47th day Omer"]
743772 239 5797 3 4 2037 5 18 31 31 ["48th day Omer"]
743773 240 5797 3 5 2037 5 19 31 31 ["Erev Shavuot", "49th day Omer"]
743774 241 5797 3 6 2037 5 20 31 31 ["Shavuot"]
743775 242 5797 3 7 2037 5 21 31 31 ["Shavuot"] []
743776 243 5797 3 8 2037 5 22 31 31 []
743777 244 5797 3 9 2037 5 23 31 31 ["Naso"]
743778 245 5797 3 10 2037 5 24 31 31 []
743779 246 5797 3 11 2037 5 25 31 31 []
743780 247 5797 3 12 2037 5 26 31 31 []
743781 248 5797 3 13 2037 5 27 31 31 []
743782 249 5797 3 14 2037 5 28 31 31 []
743783 250 5797 3 15 2037 5 29 31 31 []
743784 251 5797 3 16 2037 5 30 31 31 ["Behaalotcha"]
743785 252 5797 3 17 2037 5 31 31 31 []
743786 253 5797 3 18 2037 6 1 30 30 []
743787 254 5797 3 19 2037 6 2 30 30 []
743788 255 5797 3 20 2037 6 3 30 30 []
743789 256 5797 3 21 2037 6 4 30 30 []
743790 257 5797 3 22 2037 6 5 30 30 []
743791 258 5797 3 23 2037 6 6 30 30 ["Shelach"]
743792 259 5797 3 24 2037 6 7 30 30 []
743793 260 5797 3 25 2037 6 8 30 30 []
743794 261 5797 3 26 2037 6 9 30 30 []
743795 262 5797 3 27 2037 6 10 30 30 []
743796 263 5797 3 28 2037 6 11 30 30 []
743797 264 5797 3 29 2037 6 12 30 30 []
743798 265 5797 3 30 2037 6 13 30 30 ["Korach"]
743799 266 5797 4 1 2037 6 14 30 30 []
743800 267 5797 4 2 2037 6 15 30 30 []
743801 268 5797 4 3 2037 6 16 30 30 []
743802 269 5797 4 4 2037 6 17 30 30 []
743803 270 5797 4 5 2037 6 18 30 30 []
743804 271 5797 4 6 2037 6 19 30 30 []
743805 272 5797 4 7 2037 6 20 30 30 ["Chukat"]
743806 273 5797 4 8 2037 6 21 30 30 []
743807 274 5797 4 9 2037 6 22 30 30 []
743808 275 5797 4 10 2037 6 23 30 30 []
743809 276 5797 4 11 2037 6 24 30 30 []
743810 277 5797 4 12 2037 6 25 30 30 []
743811 278 5797 4 13 2037 6 26 30 30 []
743812 279 5797 4 14 2037 6 27 30 30 ["Balak"]
743813 280 5797 4 15 2037 6 28 30 30 []
743814 281 5797 4 16 2037 6 29 30 30 []
743815 282 5797 4 17 2037 6 30 30 30 ["Tzom Tammuz"]
743816 283 5797 4 18 2037 7 1 31 31 []
743817 284 5797 4 19 2037 7 2 31 31 []
743818 285 5797 4 20 2037 7 3 31 31 []
743819 286 5797 4 21 2037 7 4 31 31 ["Pinchas"]
743820 287 5797 4 22 2037 7 5 31 31 []
743821 288 5797 4 23 2037 7 6 31 31 []
743822 289 5797 4 24 2037 7 7 31 31 []
743823 290 5797 4 25 2037 7 8 31 31 []
743824 291 5797 4 26 2037 7 9 31 31 []
743825 292 5797 4 27 2037 7 10 31 31 []
743826 293 5797 4 28 2037 7 11 31 31 ["Matot/Masei"]
743827 294 5797 4 29 2037 7 12 31 31 []
743828 295 5797 5 1 2037 7 13 31 31 []
743829 296 5797 5 2 2037 7 14 31 31 []
743830 297 5797 5 3 2037 7 15 31 31 []
743831 298 5797 5 4 2037 7 16 31 31 []
743832 299 5797 5 5 2037 7 17 31 31 []
743833 300 5797 5 6 2037 7 18 31 31 ["Sh. Chazon", "Devarim"]
743834 301 5797 5 7 2037 7 19 31 31 []
743835 302 5797 5 8 2037 7 20 31 31 []
743836 303 5797 5 9 2037 7 21 31 31 ["Tisha B\'Av"]
743837 304 5797 5 10 2037 7 22 31 31 []
743838 305 5797 5 11 2037 7 23 31 31 []
743839 306 5797 5 12 2037 7 24 31 31 []
743840 307 5797 5 13 2037 7 25 31 31 ["Sh. Nachamu", "Vaetchanan"]
743841 308 5797 5 14 2037 7 26 31 31 []
743842 309 5797 5 15 2037 7 27 31 31 []
743843 310 5797 5 16 2037 7 28 31 31 []
743844 311 5797 5 17 2037 7 29 31 31 []
743845 312 5797 5 18 2037 7 30 31 31 []
743846 313 5797 5 19 2037 7 31 31 31 []
743847 314 5797 5 20 2037 8 1 31 31 ["Ekev"]
743848 315 5797 5 21 2037 8 2 31 31 []
743849 316 5797 5 22 2037 8 3 31 31 []
743850 317 5797 5 23 2037 8 4 31 31 []
743851 318 5797 5 24 2037 8 5 31 31 []
743852 319 5797 5 25 2037 8 6 31 31 []
743853 320 5797 5 26 2037 8 7 31 31 []
743854 321 5797 5 27 2037 8 8 31 31 ["Reeh"]
743855 322 5797 5 28 2037 8 9 31 31 []
743856 323 5797 5 29 2037 8 10 31 31 []
743857 324 5797 5 30 2037 8 11 31 31 []
743858 325 5797 6 1 2037 8 12 31 31 []
743859 326 5797 6 2 2037 8 13 31 31 []
743860 327 5797 6 3 2037 8 14 31 31 []
743861 328 5797 6 4 2037 8 15 31 31 ["Shoftim"]
743862 329 5797 6 5 2037 8 16 31 31 []
743863 330 5797 6 6 2037 8 17 31 31 []
743864 331 5797 6 7 2037 8 18 31 31 []
743865 332 5797 6 8 2037 8 19 31 31 []
743866 333 5797 6 9 2037 8 20 31 31 []
743867 334 5797 6 10 2037 8 21 31 31 []
743868 335 5797 6 11 2037 8 22 31 31 ["Ki Tetze"]
743869 336 5797 6 12 2037 8 23 31 31 []
743870 337 5797 6 13 2037 8 24 31 31 []
743871 338 5797 6 14 2037 8 25 31 31 []
743872 339 5797 6 15 2037 8 26 31 31 []
743873 340 5797 6 16 2037 8 27 31 31 []
743874 341 5797 6 17 2037 8 28 31 31 []
743875 342 5797 6 18 2037 8 29 31 31 ["Ki Tavo"]
743876 343 5797 6 19 2037 8 30 31 31 []
743877 344 5797 6 20 2037 8 31 31 31 []
743878 345 5797 6 21 2037 9 1 30 30 []
743879 346 5797 6 22 2037 9 2 30 30 []
743880 347 5797 6 23 2037 9 3 30 30 []
743881 348 5797 6 24 2037 9 4 30 30 []
743882 349 5797 6 25 2037 9 5 30 30 ["Selichot (evening)", "Nitzavim/Vayelech"]
743883 350 5797 6 26 2037 9 6 30 30 []
743884 351 5797 6 27 2037 9 7 30 30 []
743885 352 5797 6 28 2037 9 8 30 30 []
743886 353 5797 6 29 2037 9 9 30 30 ["Erev R.H."]
745718 1 5803 7 1 2042 9 15 30 30 ["Rosh Hashanah"]
745719 2 5803 7 2 2042 9 16 30 30 ["Rosh Hashanah"]
745720 3 5803 7 3 2042 9 17 30 30 ["Tzom Gedaliah"]
745721 4 5803 7 4 2042 9 18 30 30 []
745722 5 5803 7 5 2042 9 19 30 30 []
745723 6 5803 7 6 2042 9 20 30 30 ["Sh. Shuvah", "Vayelech"]
745724 7 5803 7 7 2042 9 21 30 30 []
745725 8 5803 7 8 2042 9 22 30 30 []
745726 9 5803 7 9 2042 9 23 30 30 ["Erev Y.K."]
745727 10 5803 7 10 2042 9 24 30 30 ["Yom Kippur"]
745728 11 5803 7 11 2042 9 25 30 30 []
745729 12 5803 7 12 2042 9 26 30 30 []
745730 13 5803 7 13 2042 9 27 30 30 ["Haazinu"]
745731 14 5803 7 14 2042 9 28 30 30 ["Erev Sukkot"]
745732 15 5803 7 15 2042 9 29 30 30 ["Sukkot"]
745733 16 5803 7 16 2042 9 30 30 30 ["Sukkot"] ["Chol Hamoed"]
745734 17 5803 7 17 2042 10 1 31 31 ["Chol Hamoed"]
745735 18 5803 7 18 2042 10 2 31 31 ["Chol Hamoed"]
745736 19 5803 7 19 2042 10 3 31 31 ["Chol Hamoed"]
745737 20 5803 7 20 2042 10 4 31 31 ["Chol Hamoed"]
745738 21 5803 7 21 2042 10 5 31 31 ["Hoshana Rabbah"]
745739 22 5803 7 22 2042 10 6 31 31 ["Shemini Atzeret"]
745740 23 5803 7 23 2042 10 7 31 31 ["Simchat Torah"] []
745741 24 5803 7 24 2042 10 8 31 31 []
745742 25 5803 7 25 2042 10 9 31 31 []
745743 26 5803 7 26 2042 10 10 31 31 []
745744 27 5803 7 27 2042 10 11 31 31 ["Bereshit"]
745745 28 5803 7 28 2042 10 12 31 31 []
745746 29 5803 7 29 2042 10 13 31 31 []
745747 30 5803 7 30 2042 10 14 31 31 []
745748 31 5803 8 1 2042 10 15 31 31 []
745749 32 5803 8 2 2042 10 16 31 31 []
745750 33 5803 8 3 2042 10 17 31 31 []
745751 34 5803 8 4 2042 10 18 31 31 ["Noach"]
745752 35 5803 8 5 2042 10 19 31 31 []
745753 36 5803 8 6 2042 10 20 31 31 []
745754 37 5803 8 7 2042 10 21 31 31 []
745755 38 5803 8 8 2042 10 22 31 31 []
745756 39 5803 8 9 2042 10 23 31 31 []
745757 40 5803 8 10 2042 10 24 31 31 []
745758 41 5803 8 11 2042 10 25 31 31 ["Lech L\'cha"]
745759 42 5803 8 12 2042 10 26 31 31 []
745760 43 5803 8 13 2042 10 27 31 31 []
745761 44 5803 8 14 2042 10 28 31 31 []
745762 45 5803 8 15 2042 10 29 31 31 []
745763 46 5803 8 16 2042 10 30 31 31 []
745764 47 5803 8 17 2042 10 31 31 31 []
745765 48 5803 8 18 2042 11 1 30 30 ["Vayera"]
745766 49 5803 8 19 2042 11 2 30 30 []
745767 50 5803 8 20 2042 11 3 30 30 []
745768 51 5803 8 21 2042 11 4 30 30 []
745769 52 5803 8 22 2042 11 5 30 30 []
745770 53 5803 8 23 2042 11 6 30 30 []
745771 54 5803 8 24 2042 11 7 30 30 []
745772 55 5803 8 25 2042 11 8 30 30 ["Chaye Sarah"]
745773 56 5803 8 26 2042 11 9 30 30 []
745774 57 5803 8 27 2042 11 10 30 30 []
745775 58 5803 8 28 2042 11 11 30 30 []
745776 59 5803 8 29 2042 11 12 30 30 []
745777 60 5803 8 30 2042 11 13 30 30 []
745778 61 5803 9 1 2042 11 14 30 30 []
745779 62 5803 9 2 2042 11 15 30 30 ["Toldot"]
745780 63 5803 9 3 2042 11 16 30 30 []
745781 64 5803 9 4 2042 11 17 30 30 []
745782 65 5803 9 5 2042 11 18 30 30 []
745783 66 5803 9 6 2042 11 19 30 30 []
745784 67 5803 9 7 2042 11 20 30 30 []
745785 68 5803 9 8 2042 11 21 30 30 []
745786 69 5803 9 9 2042 11 22 30 30 ["Vayetze"]
745787 70 5803 9 10 2042 11 23 30 30 []
745788 71 5803 9 11 2042 11 24 30 30 []
745789 72 5803 9 12 2042 11 25 30 30 []
745790 73 5803 9 13 2042 11 26 30 30 []
745791 74 5803 9 14 2042 11 27 30 30 []
745792 75 5803 9 15 2042 11 28 30 30 []
745793 76 5803 9 16 2042 11 29 30 30 ["Vayishlach"]
745794 77 5803 9 17 2042 11 30 30 30 []
745795 78 5803 9 18 2042 12 1 31 31 []
745796 79 5803 9 19 2042 12 2 31 31 []
745797 80 5803 9 20 2042 12 3 31 31 []
745798 81 5803 9 21 2042 12 4 31 31 []
745799 82 5803 9 22 2042 12 5 31 31 []
745800 83 5803 9 23 2042 12 6 31 31 ["Vayeshev"]
745801 84 5803 9 24 2042 12 7 31 31 ["Erev Hanukkah"]
745802 85 5803 9 25 2042 12 8 31 31 ["Hanukkah"]
745803 86 5803 9 26 2042 12 9 31 31 ["Hanukkah"]
745804 87 5803 9 27 2042 12 10 31 31 ["Hanukkah"]
745805 88 5803 9 28 2042 12 11 31 31 ["Hanukkah"]
745806 89 5803 9 29 2042 12 12 31 31 ["Hanukkah"]
745807 90 5803 9 30 2042 12 13 31 31 ["Hanukkah", "Miketz"]
745808 91 5803 10 1 2042 12 14 31 31 ["Hanukkah"]
745809 92 5803 10 2 2042 12 15 31 31 ["Hanukkah"]
745810 93 5803 10 3 2042 12 16 31 31 []
745811 94 5803 10 4 2042 12 17 31 31 []
745812 95 5803 10 5 2042 12 18 31 31 []
745813 96 5803 10 6 2042 12 19 31 31 []
745814 97 5803 10 7 2042 12 20 31 31 ["Vayigash"]
745815 98 5803 10 8 2042 12 21 31 31 []
745816 99 5803 10 9 2042 12 22 31 31 []
745817 100 5803 10 10 2042 12 23 31 31 ["Tzom Tevet"]
745818 101 5803 10 11 2042 12 24 31 31 []
745819 102 5803 10 12 2042 12 25 31 31 []
745820 103 5803 10 13 2042 12 26 31 31 []
745821 104 5803 10 14 2042 12 27 31 31 ["Vayechi"]
745822 105 5803 10 15 2042 12 28 31 31 []
745823 106 5803 10 16 2042 12 29 31 31 []
745824 107 5803 10 17 2042 12 30 31 31 []
745825 108 5803 10 18 2042 12 31 31 31 []
745826 109 5803 10 19 2043 1 1 31 31 []
745827 110 5803 10 20 2043 1 2 31 31 []
745828 111 5803 10 21 2043 1 3 31 31 ["Shemot"]
745829 112 5803 10 22 2043 1 4 31 31 []
745830 113 5803 10 23 2043 1 5 31 31 []
745831 114 5803 10 24 2043 1 6 31 31 []
745832 115 5803 10 25 2043 1 7 31 31 []
745833 116 5803 10 26 2043 1 8 31 31 []
745834 117 5803 10 27 2043 1 9 31 31 []
745835 118 5803 10 28 2043 1 10 31 31 ["Vaera"]
745836 119 5803 10 29 2043 1 11 31 31 []
745837 120 5803 11 1 2043 1 12 31 31 []
745838 121 5803 11 2 2043 1 13 31 31 []
745839 122 5803 11 3 2043 1 14 31 31 []
745840 123 5803 11 4 2043 1 15 31 31 []
745841 124 5803 11 5 2043 1 16 31 31 []
745842 125 5803 11 6 2043 1 17 31 31 ["Bo"]
745843 126 5803 11 7 2043 1 18 31 31 []
745844 127 5803 11 8 2043 1 19 31 31 []
745845 128 5803 11 9 2043 1 20 31 31 []
745846 129 5803 11 10 2043 1 21 31 31 []
745847 130 5803 11 11 2043 1 22 31 31 []
745848 131 5803 11 12 2043 1 23 31 31 []
745849 132 5803 11 13 2043 1 24 31 31 ["Sh. Shirah", "Beshalach"]
745850 133 5803 11 14 2043 1 25 31 31 []
745851 134 5803 11 15 2043 1 26 31 31 ["Tu B\'Shevat"]
745852 135 5803 11 16 2043 1 27 31 31 []
745853 136 5803 11 17 2043 1 28 31 31 []
745854 137 5803 11 18 2043 1 29 31 31 []
745855 138 5803 11 19 2043 1 30 31 31 []
745856 139 5803 11 20 2043 1 31 31 31 ["Yitro"]
745857 140 5803 11 21 2043 2 1 28 28 []
745858 141 5803 11 22 2043 2 2 28 28 []
745859 142 5803 11 23 2043 2 3 28 28 []
745860 143 5803 11 24 2043 2 4 28 28 []
745861 144 5803 11 25 2043 2 5 28 28 []
745862 145 5803 11 26 2043 2 6 28 28 []
745863 146 5803 11 27 2043 2 7 28 28 ["Mishpatim"]
745864 147 5803 11 28 2043 2 8 28 28 []
745865 148 5803 11 29 2043 2 9 28 28 []
745866 149 5803 11 30 2043 2 10 28 28 []
745867 150 5803 12 1 2043 2 11 28 28 []
745868 151 5803 12 2 2043 2 12 28 28 []
745869 152 5803 12 3 2043 2 13 28 28 []
745870 153 5803 12 4 2043 2 14 28 28 ["Terumah"]
745871 154 5803 12 5 2043 2 15 28 28 []
745872 155 5803 12 6 2043 2 16 28 28 []
745873 156 5803 12 7 2043 2 17 28 28 []
745874 157 5803 12 8 2043 2 18 28 28 []
745875 158 5803 12 9 2043 2 19 28 28 []
745876 159 5803 12 10 2043 2 20 28 28 []
745877 160 5803 12 11 2043 2 21 28 28 ["Tetzaveh"]
745878 161 5803 12 12 2043 2 22 28 28 []
745879 162 5803 12 13 2043 2 23 28 28 []
745880 163 5803 12 14 2043 2 24 28 28 ["Purim Katan"]
745881 164 5803 12 15 2043 2 25 28 28 []
745882 165 5803 12 16 2043 2 26 28 28 []
745883 166 5803 12 17 2043 2 27 28 28 []
745884 167 5803 12 18 2043 2 28 28 28 ["Ki Tisa"]
745885 168 5803 12 19 2043 3 1 31 31 []
745886 169 5803 12 20 2043 3 2 31 31 []
745887 170 5803 12 21 2043 3 3 31 31 []
745888 171 5803 12 22 2043 3 4 31 31 []
745889 172 5803 12 23 2043 3 5 31 31 []
745890 173 5803 12 24 2043 3 6 31 31 []
745891 174 5803 12 25 2043 3 7 31 31 ["Sh. Shekalim", "Vayakhel"]
745892 175 5803 12 26 2043 3 8 31 31 []
745893 176 5803 12 27 2043 3 9 31 31 []
745894 177 5803 12 28 2043 3 10 31 31 []
745895 178 5803 12 29 2043 3 11 31 31 []
745896 179 5803 12 30 2043 3 12 31 31 []
745897 180 5803 13 1 2043 3 13 31 31 []
745898 181 5803 13 2 2043 3 14 31 31 ["Pekudei"]
745899 182 5803 13 3 2043 3 15 31 31 []
745900 183 5803 13 4 2043 3 16 31 31 []
745901 184 5803 13 5 2043 3 17 31 31 []
745902 185 5803 13 6 2043 3 18 31 31 []
745903 186 5803 13 7 2043 3 19 31 31 []
745904 187 5803 13 8 2043 3 20 31 31 []
745905 188 5803 13 9 2043 3 21 31 31 ["Sh. Zachor", "Vayikra"]
745906 189 5803 13 10 2043 3 22 31 31 []
745907 190 5803 13 11 2043 3 23 31 31 []
745908 191 5803 13 12 2043 3 24 31 31 []
745909 192 5803 13 13 2043 3 25 31 31 ["Ta\'anit Esther", "Erev Purim"]
745910 193 5803 13 14 2043 3 26 31 31 ["Purim"]
745911 194 5803 13 15 2043 3 27 31 31 ["Shushan Purim"]
745912 195 5803 13 16 2043 3 28 31 31 ["Tzav"]
745913 196 5803 13 17 2043 3 29 31 31 []
745914 197 5803 13 18 2043 3 30 31 31 []
745915 198 5803 13 19 2043 3 31 31 31 []
745916 199 5803 13 20 2043 4 1 30 30 []
745917 200 5803 13 21 2043 4 2 30 30 []
745918 201 5803 13 22 2043 4 3 30 30 []
745919 202 5803 13 23 2043 4 4 30 30 ["Sh. Parah", "Shemini"]
745920 203 5803 13 24 2043 4 5 30 30 []
745921 204 5803 13 25 2043 4 6 30 30 []
745922 205 5803 13 26 2043 4 7 30 30 []
745923 206 5803 13 27 2043 4 8 30 30 []
745924 207 5803 13 28 2043 4 9 30 30 []
745925 208 5803 13 29 2043 4 10 30 30 []
745926 209 5803 1 1 2043 4 11 30 30 ["Sh. HaChodesh", "Tazria"]
745927 210 5803 1 2 2043 4 12 30 30 []
745928 211 5803 1 3 2043 4 13 30 30 []
745929 212 5803 1 4 2043 4 14 30 30 []
745930 213 5803 1 5 2043 4 15 30 30 []
745931 214 5803 1 6 2043 4 16 30 30 []
745932 215 5803 1 7 2043 4 17 30 30 []
745933 216 5803 1 8 2043 4 18 30 30 ["Sh. HaGadol", "Metzora"]
745934 217 5803 1 9 2043 4 19 30 30 []
745935 218 5803 1 10 2043 4 20 30 30 []
745936 219 5803 1 11 2043 4 21 30 30 []
745937 220 5803 1 12 2043 4 22 30 30 []
745938 221 5803 1 13 2043 4 23 30 30 []
745939 222 5803 1 14 2043 4 24 30 30 ["Erev Pesach"]
745940 223 5803 1 15 2043 4 25 30 30 ["Pesach"]
745941 224 5803 1 16 2043 4 26 30 30 ["Pesach", "1st day Omer"] ["Chol Hamoed", "1st day Omer"]
745942 225 5803 1 17 2043 4 27 30 30 ["Chol Hamoed", "2nd day Omer"]
745943 226 5803 1 18 2043 4 28 30 30 ["Chol Hamoed", "3rd day Omer"]
745944 227 5803 1 19 2043 4 29 30 30 ["Chol Hamoed", "4th day Omer"]
745945 228 5803 1 20 2043 4 30 30 30 ["Chol Hamoed", "5th day Omer"]
745946 229 5803 1 21 2043 5 1 31 31 ["Pesach", "6th day Omer"]
745947 230 5803 1 22 2043 5 2 31 31 ["Pesach", "7th day Omer"] ["7th day Omer", "Acharei Mot"]
745948 231 5803 1 23 2043 5 3 31 31 ["8th day Omer"]
745949 232 5803 1 24 2043 5 4 31 31 ["9th day Omer"]
745950 233 5803 1 25 2043 5 5 31 31 ["10th day Omer"]
745951 234 5803 1 26 2043 5 6 31 31 ["11th day Omer"]
745952 235 5803 1 27 2043 5 7 31 31 ["Yom HaShoah", "12th day Omer"]
745953 236 5803 1 28 2043 5 8 31 31 ["13th day Omer"]
745954 237 5803 1 29 2043 5 9 31 31 ["14th day Omer", "Acharei Mot"] ["14th day Omer", "Kedoshim"]
745955 238 5803 1 30 2043 5 10 31 31 ["15th day Omer"]
745956 239 5803 2 1 2043 5 11 31 31 ["16th day Omer"]
745957 240 5803 2 2 2043 5 12 31 31 ["17th day Omer"]
745958 241 5803 2 3 2043 5 13 31 31 ["Yom HaZikaron", "18th day Omer"]
745959 242 5803 2 4 2043 5 14 31 31 ["Yom HaAtzmaut", "19th day Omer"]
745960 243 5803 2 5 2043 5 15 31 31 ["20th day Omer"]
745961 244 5803 2 6 2043 5 16 31 31 ["21st day Omer", "Kedoshim"] ["21st day Omer", "Emor"]
745962 245 5803 2 7 2043 5 17 31 31 ["22nd day Omer"]
745963 246 5803 2 8 2043 5 18 31 31 ["23rd day Omer"]
745964 247 5803 2 9 2043 5 19 31 31 ["24th day Omer"]
745965 248 5803 2 10 2043 5 20 31 31 ["25th day Omer"]
745966 249 5803 2 11 2043 5 21 31 31 ["26th day Omer"]
745967 250 5803 2 12 2043 5 22 31 31 ["27th day Omer"]
745968 251 5803 2 13 2043 5 23 31 31 ["28th day Omer", "Emor"] ["28th day Omer", "Behar"]
745969 252 5803 2 14 2043 5 24 31 31 ["29th day Omer"]
745970 253 5803 2 15 2043 5 25 31 31 ["30th day Omer"]
745971 254 5803 2 16 2043 5 26 31 31 ["31st day Omer"]
745972 255 5803 2 17 2043 5 27 31 31 ["32nd day Omer"]
745973 256 5803 2 18 2043 5 28 31 31 ["Lag BaOmer"]
745974 257 5803 2 19 2043 5 29 31 31 ["34th day Omer"]
745975 258 5803 2 20 2043 5 30 31 31 ["35th day Omer", "Behar"] ["35th day Omer", "Bechukotai"]
745976 259 5803 2 21 2043 5 31 31 31 ["36th day Omer"]
745977 260 5803 2 22 2043 6 1 30 30 ["37th day Omer"]
745978 261 5803 2 23 2043 6 2 30 30 ["38th day Omer"]
745979 262 5803 2 24 2043 6 3 30 30 ["39th day Omer"]
745980 263 5803 2 25 2043 6 4 30 30 ["40th day Omer"]
745981 264 5803 2 26 2043 6 5 30 30 ["41st day Omer"]
745982 265 5803 2 27 2043 6 6 30 30 ["42nd day Omer", "Bechukotai"] ["42nd day Omer", "Bemidbar"]
745983 266 5803 2 28 2043 6 7 30 30 ["Yom Yerushalayim", "43rd day Omer"]
745984 267 5803 2 29 2043 6 8 30 30 ["44th day Omer"]
745985 268 5803 3 1 2043 6 9 30 30 ["45th day Omer"]
745986 269 5803 3 2 2043 6 10 30 30 ["46th day Omer"]
745987 270 5803 3 3 2043 6 11 30 30 ["47th day Omer"]
745988 271 5803 3 4 2043 6 12 30 30 ["48th day Omer"]
745989 272 5803 3 5 2043 6 13 30 30 ["Erev Shavuot", "49th day Omer", "Bemidbar"] ["Erev Shavuot", "49th day Omer", "Naso"]
745990 273 5803 3 6 2043 6 14 30 30 ["Shavuot"]
745991 274 5803 3 7 2043 6 15 30 30 ["Shavuot"] []
745992 275 5803 3 8 2043 6 16 30 30 []
745993 276 5803 3 9 2043 6 17 30 30 []
745994 277 5803 3 10 2043 6 18 30 30 []
745995 278 5803 3 11 2043 6 19 30 30 []
745996 279 5803 3 12 2043 6 20 30 30 ["Naso"] ["Behaalotcha"]
745997 280 5803 3 13 2043 6 21 30 30 []
745998 281 5803 3 14 2043 6 22 30 30 []
745999 282 5803 3 15 2043 6 23 30 30 []
746000 283 5803 3 16 2043 6 24 30 30 []
746001 284 5803 3 17 2043 6 25 30 30 []
746002 285 5803 3 18 2043 6 26 30 30 []
746003 286 5803 3 19 2043 6 27 30 30 ["Behaalotcha"] ["Shelach"]
746004 287 5803 3 20 2043 6 28 30 30 []
746005 288 5803 3 21 2043 6 29 30 30 []
746006 289 5803 3 22 2043 6 30 30 30 []
746007 290 5803 3 23 2043 7 1 31 31 []
746008 291 5803 3 24 2043 7 2 31 31 []
746009 292 5803 3 25 2043 7 3 31 31 []
746010 293 5803 3 26 2043 7 4 31 31 ["Shelach"] ["Korach"]
746011 294 5803 3 27 2043 7 5 31 31 []
746012 295 5803 3 28 2043 7 6 31 31 []
746013 296 5803 3 29 2043 7 7 31 31 []
746014 297 5803 3 30 2043 7 8 31 31 []
746015 298 5803 4 1 2043 7 9 31 31 []
746016 299 5803 4 2 2043 7 10 31 31 []
746017 300 5803 4 3 2043 7 11 31 31 ["Korach"] ["Chukat"]
746018 301 5803 4 4 2043 7 12 31 31 []
746019 302 5803 4 5 2043 7 13 31 31 []
746020 303 5803 4 6 2043 7 14 31 31 []
746021 304 5803 4 7 2043 7 15 31 31 []
746022 305 5803 4 8 2043 7 16 31 31 []
746023 306 5803 4 9 2043 7 17 31 31 []
746024 307 5803 4 10 2043 7 18 31 31 ["Chukat"] ["Balak"]
746025 308 5803 4 11 2043 7 19 31 31 []
746026 309 5803 4 12 2043 7 20 31 31 []
746027 310 5803 4 13 2043 7 21 31 31 []
746028 311 5803 4 14 2043 7 22 31 31 []
746029 312 5803 4 15 2043 7 23 31 31 []
746030 313 5803 4 16 2043 7 24 31 31 []
746031 314 5803 4 17 2043 7 25 31 31 ["Balak"] ["Pinchas"]
746032 315 5803 4 18 2043 7 26 31 31 ["Tzom Tammuz"]
746033 316 5803 4 19 2043 7 27 31 31 []
746034 317 5803 4 20 2043 7 28 31 31 []
746035 318 5803 4 21 2043 7 29 31 31 []
746036 319 5803 4 22 2043 7 30 31 31 []
746037 320 5803 4 23 2043 7 31 31 31 []
746038 321 5803 4 24 2043 8 1 31 31 ["Pinchas"] ["Matot"]
746039 322 5803 4 25 2043 8 2 31 31 []
746040 323 5803 4 26 2043 8 3 31 31 []
746041 324 5803 4 27 2043 8 4 31 31 []
746042 325 5803 4 28 2043 8 5 31 31 []
746043 326 5803 4 29 2043 8 6 31 31 []
746044 327 5803 5 1 2043 8 7 31 31 []
746045 328 5803 5 2 2043 8 8 31 31 ["Matot/Masei"] ["Masei"]
746046 329 5803 5 3 2043 8 9 31 31 []
746047 330 5803 5 4 2043 8 10 31 31 []
746048 331 5803 5 5 2043 8 11 31 31 []
746049 332 5803 5 6 2043 8 12 31 31 []
746050 333 5803 5 7 2043 8 13 31 31 []
746051 334 5803 5 8 2043 8 14 31 31 []
746052 335 5803 5 9 2043 8 15 31 31 ["Sh. Chazon", "Devarim"]
746053 336 5803 5 10 2043 8 16 31 31 ["Tisha B\'Av"]
746054 337 5803 5 11 2043 8 17 31 31 []
746055 338 5803 5 12 2043 8 18 31 31 []
746056 339 5803 5 13 2043 8 19 31 31 []
746057 340 5803 5 14 2043 8 20 31 31 []
746058 341 5803 5 15 2043 8 21 31 31 []
746059 342 5803 5 16 2043 8 22 31 31 ["Sh. Nachamu", "Vaetchanan"]
746060 343 5803 5 17 2043 8 23 31 31 []
746061 344 5803 5 18 2043 8 24 31 31 []
746062 345 5803 5 19 2043 8 25 31 31 []
746063 346 5803 5 20 2043 8 26 31 31 []
746064 347 5803 5 21 2043 8 27 31 31 []
746065 348 5803 5 22 2043 8 28 31 31 []
746066 349 5803 5 23 2043 8 29 31 31 ["Ekev"]
746067 350 5803 5 24 2043 8 30 31 31 []
746068 351 5803 5 25 2043 8 31 31 31 []
746069 352 5803 5 26 2043 9 1 30 30 []
746070 353 5803 5 27 2043 9 2 30 30 []
746071 354 5803 5 28 2043 9 3 30 30 []
746072 355 5803 5 29 2043 9 4 30 30 []
746073 356 5803 5 30 2043 9 5 30 30 ["Reeh"]
746074 357 5803 6 1 2043 9 6 30 30 []
746075 358 5803 6 2 2043 9 7 30 30 []
746076 359 5803 6 3 2043 9 8 30 30 []
746077 360 5803 6 4 2043 9 9 30 30 []
746078 361 5803 6 5 2043 9 10 30 30 []
746079 362 5803 6 6 2043 9 11 30 30 []
746080 363 5803 6 7 2043 9 12 30 30 ["Shoftim"]
746081 364 5803 6 8 2043 9 13 30 30 []
746082 365 5803 6 9 2043 9 14 30 30 []
746083 366 5803 6 10 2043 9 15 30 30 []
746084 367 5803 6 11 2043 9 16 30 30 []
746085 368 5803 6 12 2043 9 17 30 30 []
746086 369 5803 6 13 2043 9 18 30 30 []
746087 370 5803 6 14 2043 9 19 30 30 ["Ki Tetze"]
746088 371 5803 6 15 2043 9 20 30 30 []
746089 372 5803 6 16 2043 9 21 30 30 []
746090 373 5803 6 17 2043 9 22 30 30 []
746091 374 5803 6 18 2043 9 23 30 30 []
746092 375 5803 6 19 2043 9 24 30 30 []
746093 376 5803 6 20 2043 9 25 30 30 []
746094 377 5803 6 21 2043 9 26 30 30 ["Selichot (evening)", "Ki Tavo"]
746095 378 5803 6 22 2043 9 27 30 30 []
746096 379 5803 6 23 2043 9 28 30 30 []
746097 380 5803 6 24 2043 9 29 30 30 []
746098 381 5803 6 25 2043 9 30 30 30 []
746099 382 5803 6 26 2043 10 1 31 31 []
746100 383 5803 6 27 2043 10 2 31 31 []
746101 384 5803 6 28 2043 10 3 31 31 ["Nitzavim"]
746102 385 5803 6 29 2043 10 4 31 31 ["Erev R.H."]
748997 1 5812 7 1 2051 9 7 30 30 ["Rosh Hashanah"]
748998 2 5812 7 2 2051 9 8 30 30 ["Rosh Hashanah"]
748999 3 5812 7 3 2051 9 9 30 30 ["Sh. Shuvah", "Haazinu"]
749000 4 5812 7 4 2051 9 10 30 30 ["Tzom Gedaliah"]
749001 5 5812 7 5 2051 9 11 30 30 []
749002 6 5812 7 6 2051 9 12 30 30 []
749003 7 5812 7 7 2051 9 13 30 30 []
749004 8 5812 7 8 2051 9 14 30 30 []
749005 9 5812 7 9 2051 9 15 30 30 ["Erev Y.K."]
749006 10 5812 7 10 2051 9 16 30 30 ["Yom Kippur"]
749007 11 5812 7 11 2051 9 17 30 30 []
749008 12 5812 7 12 2051 9 18 30 30 []
749009 13 5812 7 13 2051 9 19 30 30 []
749010 14 5812 7 14 2051 9 20 30 30 ["Erev Sukkot"]
749011 15 5812 7 15 2051 9 21 30 30 ["Sukkot"]
749012 16 5812 7 16 2051 9 22 30 30 ["Sukkot"] ["Chol Hamoed"]
749013 17 5812 7 17 2051 9 23 30 30 ["Chol Hamoed"]
749014 18 5812 7 18 2051 9 24 30 30 ["Chol Hamoed"]
749015 19 5812 7 19 2051 9 25 30 30 ["Chol Hamoed"]
749016 20 5812 7 20 2051 9 26 30 30 ["Chol Hamoed"]
749017 21 5812 7 21 2051 9 27 30 30 ["Hoshana Rabbah"]
749018 22 5812 7 22 2051 9 28 30 30 ["Shemini Atzeret"]
749019 23 5812 7 23 2051 9 29 30 30 ["Simchat Torah"] []
749020 24 5812 7 24 2051 9 30 30 30 ["Bereshit"]
749021 25 5812 7 25 2051 10 1 31 31 []
749022 26 5812 7 26 2051 10 2 31 31 []
749023 27 5812 7 27 2051 10 3 31 31 []
749024 28 5812 7 28 2051 10 4 31 31 []
749025 29 5812 7 29 2051 10 5 31 31 []
749026 30 5812 7 30 2051 10 6 31 31 []
749027 31 5812 8 1 2051 10 7 31 31 ["Noach"]
749028 32 5812 8 2 2051 10 8 31 31 []
749029 33 5812 8 3 2051 10 9 31 31 []
749030 34 5812 8 4 2051 10 10 31 31 []
749031 35 5812 8 5 2051 10 11 31 31 []
749032 36 5812 8 6 2051 10 12 31 31 []
749033 37 5812 8 7 2051 10 13 31 31 []
749034 38 5812 8 8 2051 10 14 31 31 ["Lech L\'cha"]
749035 39 5812 8 9 2051 10 15 31 31 []
749036 40 5812 8 10 2051 10 16 31 31 []
749037 41 5812 8 11 2051 10 17 31 31 []
749038 42 5812 8 12 2051 10 18 31 31 []
749039 43 5812 8 13 2051 10 19 31 31 []
749040 44 5812 8 14 2051 10 20 31 31 []
749041 45 5812 8 15 2051 10 21 31 31 ["Vayera"]
749042 46 5812 8 16 2051 10 22 31 31 []
749043 47 5812 8 17 2051 10 23 31 31 []
749044 48 5812 8 18 2051 10 24 31 31 []
749045 49 5812 8 19 2051 10 25 31 31 []
749046 50 5812 8 20 2051 10 26 31 31 []
749047 51 5812 8 21 2051 10 27 31 31 []
749048 52 5812 8 22 2051 10 28 31 31 ["Chaye Sarah"]
749049 53 5812 8 23 2051 10 29 31 31 []
749050 54 5812 8 24 2051 10 30 31 31 []
749051 55 5812 8 25 2051 10 31 31 31 []
749052 56 5812 8 26 2051 11 1 30 30 []
749053 57 5812 8 27 2051 11 2 30 30 []
749054 58 5812 8 28 2051 11 3 30 30 []
749055 59 5812 8 29 2051 11 4 30 30 ["Toldot"]
749056 60 5812 9 1 2051 11 5 30 30 []
749057 61 5812 9 2 2051 11 6 30 30 []
749058 62 5812 9 3 2051 11 7 30 30 []
749059 63 5812 9 4 2051 11 8 30 30 []
749060 64 5812 9 5 2051 11 9 30 30 []
749061 65 5812 9 6 2051 11 10 30 30 []
749062 66 5812 9 7 2051 11 11 30 30 ["Vayetze"]
749063 67 5812 9 8 2051 11 12 30 30 []
749064 68 5812 9 9 2051 11 13 30 30 []
749065 69 5812 9 10 2051 11 14 30 30 []
749066 70 5812 9 11 2051 11 15 30 30 []
749067 71 5812 9 12 2051 11 16 30 30 []
749068 72 5812 9 13 2051 11 17 30 30 []
749069 73 5812 9 14 2051 11 18 30 30 ["Vayishlach"]
749070 74 5812 9 15 2051 11 19 30 30 []
749071 75 5812 9 16 2051 11 20 30 30 []
749072 76 5812 9 17 2051 11 21 30 30 []
749073 77 5812 9 18 2051 11 22 30 30 []
749074 78 5812 9 19 2051 11 23 30 30 []
749075 79 5812 9 20 2051 11 24 30 30 []
749076 80 5812 9 21 2051 11 25 30 30 ["Vayeshev"]
749077 81 5812 9 22 2051 11 26 30 30 []
749078 82 5812 9 23 2051 11 27 30 30 []
749079 83 5812 9 24 2051 11 28 30 30 ["Erev Hanukkah"]
749080 84 5812 9 25 2051 11 29 30 30 ["Hanukkah"]
749081 85 5812 9 26 2051 11 30 30 30 ["Hanukkah"]
749082 86 5812 9 27 2051 12 1 31 31 ["Hanukkah"]
749083 87 5812 9 28 2051 12 2 31 31 ["Hanukkah", "Miketz"]
749084 88 5812 9 29 2051 12 3 31 31 ["Hanukkah"]
749085 89 5812 10 1 2051 12 4 31 31 ["Hanukkah"]
749086 90 5812 10 2 2051 12 5 31 31 ["Hanukkah"]
749087 91 5812 10 3 2051 12 6 31 31 ["Hanukkah"]
749088 92 5812 10 4 2051 12 7 31 31 []
749089 93 5812 10 5 2051 12 8 31 31 []
749090 94 5812 10 6 2051 12 9 31 31 ["Vayigash"]
749091 95 5812 10 7 2051 12 10 31 31 []
749092 96 5812 10 8 2051 12 11 31 31 []
749093 97 5812 10 9 2051 12 12 31 31 []
749094 98 5812 10 10 2051 12 13 31 31 ["Tzom Tevet"]
749095 99 5812 10 11 2051 12 14 31 31 []
749096 100 5812 10 12 2051 12 15 31 31 []
749097 101 5812 10 13 2051 12 16 31 31 ["Vayechi"]
749098 102 5812 10 14 2051 12 17 31 31 []
749099 103 5812 10 15 2051 12 18 31 31 []
749100 104 5812 10 16 2051 12 19 31 31 []
749101 105 5812 10 17 2051 12 20 31 31 []
749102 106 5812 10 18 2051 12 21 31 31 []
749103 107 5812 10 19 2051 12 22 31 31 []
749104 108 5812 10 20 2051 12 23 31 31 ["Shemot"]
749105 109 5812 10 21 2051 12 24 31 31 []
749106 110 5812 10 22 2051 12 25 31 31 []
749107 111 5812 10 23 2051 12 26 31 31 []
749108 112 5812 10 24 2051 12 27 31 31 []
749109 113 5812 10 25 2051 12 28 31 31 []
749110 114 5812 10 26 2051 12 29 31 31 []
749111 115 5812 10 27 2051 12 30 31 31 ["Vaera"]
749112 116 5812 10 28 2051 12 31 31 31 []
749113 117 5812 10 29 2052 1 1 31 31 []
749114 118 5812 11 1 2052 1 2 31 31 []
749115 119 5812 11 2 2052 1 3 31 31 []
749116 120 5812 11 3 2052 1 4 31 31 []
749117 121 5812 11 4 2052 1 5 31 31 []
749118 122 5812 11 5 2052 1 6 31 31 ["Bo"]
749119 123 5812 11 6 2052 1 7 31 31 []
749120 124 5812 11 7 2052 1 8 31 31 []
749121 125 5812 11 8 2052 1 9 31 31 []
749122 126 5812 11 9 2052 1 10 31 31 []
749123 127 5812 11 10 2052 1 11 31 31 []
749124 128 5812 11 11 2052 1 12 31 31 []
749125 129 5812 11 12 2052 1 13 31 31 ["Sh. Shirah", "Beshalach"]
749126 130 5812 11 13 2052 1 14 31 31 []
749127 131 5812 11 14 2052 1 15 31 31 []
749128 132 5812 11 15 2052 1 16 31 31 ["Tu B\'Shevat"]
749129 133 5812 11 16 2052 1 17 31 31 []
749130 134 5812 11 17 2052 1 18 31 31 []
749131 135 5812 11 18 2052 1 19 31 31 []
749132 136 5812 11 19 2052 1 20 31 31 ["Yitro"]
749133 137 5812 11 20 2052 1 21 31 31 []
749134 138 5812 11 21 2052 1 22 31 31 []
749135 139 5812 11 22 2052 1 23 31 31 []
749136 140 5812 11 23 2052 1 24 31 31 []
749137 141 5812 11 24 2052 1 25 31 31 []
749138 142 5812 11 25 2052 1 26 31 31 []
749139 143 5812 11 26 2052 1 27 31 31 ["Mishpatim"]
749140 144 5812 11 27 2052 1 28 31 31 []
749141 145 5812 11 28 2052 1 29 31 31 []
749142 146 5812 11 29 2052 1 30 31 31 []
749143 147 5812 11 30 2052 1 31 31 31 []
749144 148 5812 12 1 2052 2 1 29 29 []
749145 149 5812 12 2 2052 2 2 29 29 []
749146 150 5812 12 3 2052 2 3 29 29 ["Terumah"]
749147 151 5812 12 4 2052 2 4 29 29 []
749148 152 5812 12 5 2052 2 5 29 29 []
749149 153 5812 12 6 2052 2 6 29 29 []
749150 154 5812 12 7 2052 2 7 29 29 []
749151 155 5812 12 8 2052 2 8 29 29 []
749152 156 5812 12 9 2052 2 9 29 29 []
749153 157 5812 12 10 2052 2 10 29 29 ["Tetzaveh"]
749154 158 5812 12 11 2052 2 11 29 29 []
749155 159 5812 12 12 2052 2 12 29 29 []
749156 160 5812 12 13 2052 2 13 29 29 []
749157 161 5812 12 14 2052 2 14 29 29 ["Purim Katan"]
749158 162 5812 12 15 2052 2 15 29 29 []
749159 163 5812 12 16 2052 2 16 29 29 []
749160 164 5812 12 17 2052 2 17 29 29 ["Ki Tisa"]
749161 165 5812 12 18 2052 2 18 29 29 []
749162 166 5812 12 19 2052 2 19 29 29 []
749163 167 5812 12 20 2052 2 20 29 29 []
749164 168 5812 12 21 2052 2 21 29 29 []
749165 169 5812 12 22 2052 2 22 29 29 []
749166 170 5812 12 23 2052 2 23 29 29 []
749167 171 5812 12 24 2052 2 24 29 29 ["Vayakhel"]
749168 172 5812 12 25 2052 2 25 29 29 []
749169 173 5812 12 26 2052 2 26 29 29 []
749170 174 5812 12 27 2052 2 27 29 29 []
749171 175 5812 12 28 2052 2 28 29 29 []
749172 176 5812 12 29 2052 2 29 29 29 []
749173 177 5812 12 30 2052 3 1 31 31 []
749174 178 5812 13 1 2052 3 2 31 31 ["Sh. Shekalim", "Pekudei"]
749175 179 5812 13 2 2052 3 3 31 31 []
749176 180 5812 13 3 2052 3 4 31 31 []
749177 181 5812 13 4 2052 3 5 31 31 []
749178 182 5812 13 5 2052 3 6 31 31 []
749179 183 5812 13 6 2052 3 7 31 31 []
749180 184 5812 13 7 2052 3 8 31 31 []
749181 185 5812 13 8 2052 3 9 31 31 ["Sh. Zachor", "Vayikra"]
749182 186 5812 13 9 2052 3 10 31 31 []
749183 187 5812 13 10 2052 3 11 31 31 []
749184 188 5812 13 11 2052 3 12 31 31 []
749185 189 5812 13 12 2052 3 13 31 31 []
749186 190 5812 13 13 2052 3 14 31 31 ["Ta\'anit Esther", "Erev Purim"]
749187 191 5812 13 14 2052 3 15 31 31 ["Purim"]
749188 192 5812 13 15 2052 3 16 31 31 ["Tzav"]
749189 193 5812 13 16 2052 3 17 31 31 ["Shushan Purim"]
749190 194 5812 13 17 2052 3 18 31 31 []
749191 195 5812 13 18 2052 3 19 31 31 []
749192 196 5812 13 19 2052 3 20 31 31 []
749193 197 5812 13 20 2052 3 21 31 31 []
749194 198 5812 13 21 2052 3 22 31 31 []
749195 199 5812 13 22 2052 3 23 31 31 ["Sh. Parah", "Shemini"]
749196 200 5812 13 23 2052 3 24 31 31 []
749197 201 5812 13 24 2052 3 25 31 31 []
749198 202 5812 13 25 2052 3 26 31 31 []
749199 203 5812 13 26 2052 3 27 31 31 []
749200 204 5812 13 27 2052 3 28 31 31 []
749201 205 5812 13 28 2052 3 29 31 31 []
749202 206 5812 13 29 2052 3 30 31 31 ["Sh. HaChodesh", "Tazria"]
749203 207 5812 1 1 2052 3 31 31 31 []
749204 208 5812 1 2 2052 4 1 30 30 []
749205 209 5812 1 3 2052 4 2 30 30 []
749206 210 5812 1 4 2052 4 3 30 30 []
749207 211 5812 1 5 2052 4 4 30 30 []
749208 212 5812 1 6 2052 4 5 30 30 []
749209 213 5812 1 7 2052 4 6 30 30 ["Metzora"]
749210 214 5812 1 8 2052 4 7 30 30 []
749211 215 5812 1 9 2052 4 8 30 30 []
749212 216 5812 1 10 2052 4 9 30 30 []
749213 217 5812 1 11 2052 4 10 30 30 []
749214 218 5812 1 12 2052 4 11 30 30 []
749215 219 5812 1 13 2052 4 12 30 30 []
749216 220 5812 1 14 2052 4 13 30 30 ["Erev Pesach", "Sh. HaGadol", "Acharei Mot"]
749217 221 5812 1 15 2052 4 14 30 30 ["Pesach"]
749218 222 5812 1 16 2052 4 15 30 30 ["Pesach", "1st day Omer"] ["Chol Hamoed", "1st day Omer"]
749219 223 5812 1 17 2052 4 16 30 30 ["Chol Hamoed", "2nd day Omer"]
749220 224 5812 1 18 2052 4 17 30 30 ["Chol Hamoed", "3rd day Omer"]
749221 225 5812 1 19 2052 4 18 30 30 ["Chol Hamoed", "4th day Omer"]
749222 226 5812 1 20 2052 4 19 30 30 ["Chol Hamoed", "5th day Omer"]
749223 227 5812 1 21 2052 4 20 30 30 ["Pesach", "6th day Omer"]
749224 228 5812 1 22 2052 4 21 30 30 ["Pesach", "7th day Omer"] ["7th day Omer"]
749225 229 5812 1 23 2052 4 22 30 30 ["8th day Omer"]
749226 230 5812 1 24 2052 4 23 30 30 ["9th day Omer"]
749227 231 5812 1 25 2052 4 24 30 30 ["10th day Omer"]
749228 232 5812 1 26 2052 4 25 30 30 ["11th day Omer"]
749229 233 5812 1 27 2052 4 26 30 30 ["Yom HaShoah", "12th day Omer"]
749230 234 5812 1 28 2052 4 27 30 30 ["13th day Omer", "Kedoshim"]
749231 235 5812 1 29 2052 4 28 30 30 ["14th day Omer"]
749232 236 5812 1 30 2052 4 29 30 30 ["15th day Omer"]
749233 237 5812 2 1 2052 4 30 30 30 ["16th day Omer"]
749234 238 5812 2 2 2052 5 1 31 31 ["Yom HaZikaron", "17th day Omer"]
749235 239 5812 2 3 2052 5 2 31 31 ["Yom HaAtzmaut", "18th day Omer"]
749236 240 5812 2 4 2052 5 3 31 31 ["19th day Omer"]
749237 241 5812 2 5 2052 5 4 31 31 ["20th day Omer", "Emor"]
749238 242 5812 2 6 2052 5 5 31 31 ["21st day Omer"]
749239 243 5812 2 7 2052 5 6 31 31 ["22nd day Omer"]
749240 244 5812 2 8 2052 5 7 31 31 ["23rd day Omer"]
749241 245 5812 2 9 2052 5 8 31 31 ["24th day Omer"]
749242 246 5812 2 10 2052 5 9 31 31 ["25th day Omer"]
749243 247 5812 2 11 2052 5 10 31 31 ["26th day Omer"]
749244 248 5812 2 12 2052 5 11 31 31 ["27th day Omer", "Behar"]
749245 249 5812 2 13 2052 5 12 31 31 ["28th day Omer"]
749246 250 5812 2 14 2052 5 13 31 31 ["29th day Omer"]
749247 251 5812 2 15 2052 5 14 31 31 ["30th day Omer"]
749248 252 5812 2 16 2052 5 15 31 31 ["31st day Omer"]
749249 253 5812 2 17 2052 5 16 31 31 ["32nd day Omer"]
749250 254 5812 2 18 2052 5 17 31 31 ["Lag BaOmer"]
749251 255 5812 2 19 2052 5 18 31 31 ["34th day Omer", "Bechukotai"]
749252 256 5812 2 20 2052 5 19 31 31 ["35th day Omer"]
749253 257 5812 2 21 2052 5 20 31 31 ["36th day Omer"]
749254 258 5812 2 22 2052 5 21 31 31 ["37th day Omer"]
749255 259 5812 2 23 2052 5 22 31 31 ["38th day Omer"]
749256 260 5812 2 24 2052 5 23 31 31 ["39th day Omer"]
749257 261 5812 2 25 2052 5 24 31 31 ["40th day Omer"]
749258 262 5812 2 26 2052 5 25 31 31 ["41st day Omer", "Bemidbar"]
749259 263 5812 2 27 2052 5 26 31 31 ["42nd day Omer"]
749260 264 5812 2 28 2052 5 27 31 31 ["Yom Yerushalayim", "43rd day Omer"]
749261 265 5812 2 29 2052 5 28 31 31 ["44th day Omer"]
749262 266 5812 3 1 2052 5 29 31 31 ["45th day Omer"]
749263 267 5812 3 2 2052 5 30 31 31 ["46th day Omer"]
749264 268 5812 3 3 2052 5 31 31 31 ["47th day Omer"]
749265 269 5812 3 4 2052 6 1 30 30 ["48th day Omer", "Naso"]
749266 270 5812 3 5 2052 6 2 30 30 ["Erev Shavuot", "49th day Omer"]
749267 271 5812 3 6 2052 6 3 30 30 ["Shavuot"]
749268 272 5812 3 7 2052 6 4 30 30 ["Shavuot"] []
749269 273 5812 3 8 2052 6 5 30 30 []
749270 274 5812 3 9 2052 6 6 30 30 []
749271 275 5812 3 10 2052 6 7 30 30 []
749272 276 5812 3 11 2052 6 8 30 30 ["Behaalotcha"]
749273 277 5812 3 12 2052 6 9 30 30 []
749274 278 5812 3 13 2052 6 10 30 30 []
749275 279 5812 3 14 2052 6 11 30 30 []
749276 280 5812 3 15 2052 6 12 30 30 []
749277 281 5812 3 16 2052 6 13 30 30 []
749278 282 5812 3 17 2052 6 14 30 30 []
749279 283 5812 3 18 2052 6 15 30 30 ["Shelach"]
749280 284 5812 3 19 2052 6 16 30 30 []
749281 285 5812 3 20 2052 6 17 30 30 []
749282 286 5812 3 21 2052 6 18 30 30 []
749283 287 5812 3 22 2052 6 19 30 30 []
749284 288 5812 3 23 2052 6 20 30 30 []
749285 289 5812 3 24 2052 6 21 30 30 []
749286 290 5812 3 25 2052 6 22 30 30 ["Korach"]
749287 291 5812 3 26 2052 6 23 30 30 []
749288 292 5812 3 27 2052 6 24 30 30 []
749289 293 5812 3 28 2052 6 25 30 30 []
749290 294 5812 3 29 2052 6 26 30 30 []
749291 295 5812 3 30 2052 6 27 30 30 []
749292 296 5812 4 1 2052 6 28 30 30 []
749293 297 5812 4 2 2052 6 29 30 30 ["Chukat"]
749294 298 5812 4 3 2052 6 30 30 30 []
749295 299 5812 4 4 2052 7 1 31 31 []
749296 300 5812 4 5 2052 7 2 31 31 []
749297 301 5812 4 6 2052 7 3 31 31 []
749298 302 5812 4 7 2052 7 4 31 31 []
749299 303 5812 4 8 2052 7 5 31 31 []
749300 304 5812 4 9 2052 7 6 31 31 ["Balak"]
749301 305 5812 4 10 2052 7 7 31 31 []
749302 306 5812 4 11 2052 7 8 31 31 []
749303 307 5812 4 12 2052 7 9 31 31 []
749304 308 5812 4 13 2052 7 10 31 31 []
749305 309 5812 4 14 2052 7 11 31 31 []
749306 310 5812 4 15 2052 7 12 31 31 []
749307 311 5812 4 16 2052 7 13 31 31 ["Pinchas"]
749308 312 5812 4 17 2052 7 14 31 31 ["Tzom Tammuz"]
749309 313 5812 4 18 2052 7 15 31 31 []
749310 314 5812 4 19 2052 7 16 31 31 []
749311 315 5812 4 20 2052 7 17 31 31 []
749312 316 5812 4 21 2052 7 18 31 31 []
749313 317 5812 4 22 2052 7 19 31 31 []
749314 318 5812 4 23 2052 7 20 31 31 ["Matot"]
749315 319 5812 4 24 2052 7 21 31 31 []
749316 320 5812 4 25 2052 7 22 31 31 []
749317 321 5812 4 26 2052 7 23 31 31 []
749318 322 5812 4 27 2052 7 24 31 31 []
749319 323 5812 4 28 2052 7 25 31 31 []
749320 324 5812 4 29 2052 7 26 31 31 []
749321 325 5812 5 1 2052 7 27 31 31 ["Masei"]
749322 326 5812 5 2 2052 7 28 31 31 []
749323 327 5812 5 3 2052 7 29 31 31 []
749324 328 5812 5 4 2052 7 30 31 31 []
749325 329 5812 5 5 2052 7 31 31 31 []
749326 330 5812 5 6 2052 8 1 31 31 []
749327 331 5812 5 7 2052 8 2 31 31 []
749328 332 5812 5 8 2052 8 3 31 31 ["Sh. Chazon", "Devarim"]
749329 333 5812 5 9 2052 8 4 31 31 ["Tisha B\'Av"]
749330 334 5812 5 10 2052 8 5 31 31 []
749331 335 5812 5 11 2052 8 6 31 31 []
749332 336 5812 5 12 2052 8 7 31 31 []
749333 337 5812 5 13 2052 8 8 31 31 []
749334 338 5812 5 14 2052 8 9 31 31 []
749335 339 5812 5 15 2052 8 10 31 31 ["Sh. Nachamu", "Vaetchanan"]
749336 340 5812 5 16 2052 8 11 31 31 []
749337 341 5812 5 17 2052 8 12 31 31 []
749338 342 5812 5 18 2052 8 13 31 31 []
749339 343 5812 5 19 2052 8 14 31 31 []
749340 344 5812 5 20 2052 8 15 31 31 []
749341 345 5812 5 21 2052 8 16 31 31 []
749342 346 5812 5 22 2052 8 17 31 31 ["Ekev"]
749343 347 5812 5 23 2052 8 18 31 31 []
749344 348 5812 5 24 2052 8 19 31 31 []
749345 349 5812 5 25 2052 8 20 31 31 []
749346 350 5812 5 26 2052 8 21 31 31 []
749347 351 5812 5 27 2052 8 22 31 31 []
749348 352 5812 5 28 2052 8 23 31 31 []
749349 353 5812 5 29 2052 8 24 31 31 ["Reeh"]
749350 354 5812 5 30 2052 8 25 31 31 []
749351 355 5812 6 1 2052 8 26 31 31 []
749352 356 5812 6 2 2052 8 27 31 31 []
749353 357 5812 6 3 2052 8 28 31 31 []
749354 358 5812 6 4 2052 8 29 31 31 []
749355 359 5812 6 5 2052 8 30 31 31 []
749356 360 5812 6 6 2052 8 31 31 31 ["Shoftim"]
749357 361 5812 6 7 2052 9 1 30 30 []
749358 362 5812 6 8 2052 9 2 30 30 []
749359 363 5812 6 9 2052 9 3 30 30 []
749360 364 5812 6 10 2052 9 4 30 30 []
749361 365 5812 6 11 2052 9 5 30 30 []
749362 366 5812 6 12 2052 9 6 30 30 []
749363 367 5812 6 13 2052 9 7 30 30 ["Ki Tetze"]
749364 368 5812 6 14 2052 9 8 30 30 []
749365 369 5812 6 15 2052 9 9 30 30 []
749366 370 5812 6 16 2052 9 10 30 30 []
749367 371 5812 6 17 2052 9 11 30 30 []
749368 372 5812 6 18 2052 9 12 30 30 []
749369 373 5812 6 19 2052 9 13 30 30 []
749370 374 5812 6 20 2052 9 14 30 30 ["Selichot (evening)", "Ki Tavo"]
749371 375 5812 6 21 2052 9 15 30 30 []
749372 376 5812 6 22 2052 9 16 30 30 []
749373 377 5812 6 23 2052 9 17 30 30 []
749374 378 5812 6 24 2052 9 18 30 30 []
749375 379 5812 6 25 2052 9 19 30 30 []
749376 380 5812 6 26 2052 9 20 30 30 []
749377 381 5812 6 27 2052 9 21 30 30 ["Nitzavim"]
749378 382 5812 6 28 2052 9 22 30 30 []
749379 383 5812 6 29 2052 9 23 30 30 ["Erev R.H."]
